18 June 2008

- Read WSJ
- Read _Command Failure in War_
- Watched _Tekkon Kinkreet_
- Go/push ups/memorization

19 June 2008

- Watched 3 episodes of _Avenger_
- Read _Red Emma Speaks_
- Read 1 scene of _Othello_
- Go/pushups/memorization

20 June 2008

- Read _The Road_
- Finished Acts 2, 3 of _Othello_
- Watched 3 episodes of _Avenger_
- Read "Carrion Comfort"
- Go/pushups/memorization

23 June 2008

- Read Special forces manual
- Finished _Othello_
- Read quantum physics book
- Finished Musashi's Book of Earth

24 June 2008

- Watched _Gunslinger Girl_
- Go/pushups/memorization

25 June 2008

- Read 11 papers
- pushups/memorization
- Finished Musashi's Book of Water

26 June 2008

- read _Absolute Sandman_, Vol. 3
- read _Bad Money_
- Go/pushups/Mnemosyne

27 June 2008

- watched _Pale Cocoon_
- pushups/Mnemosyne
- read 8 papers

30 June 2008

- Watched part of _Ikiru_
- pushups/Mnemosyne

1 July 2008

- Watched _5 Centimeters Per Second_
- read _Terror and Consent_
- finished _Book of Five Rings_
- pushups/Mnemosyne

2 July 2008

- Read _The Spy who came in from the cold_
- Finished _Ikiru_
- Finished 11 papers
- pushups/Mnemosyne

3 July 2008

- Read _Power, Faith, and Fantasy_
- Mnemosyne

4 July 2008

- Watched 'off the record IMing' talk
- Read _Phantom_

5 July 2008

- Watched _Hotel Rwanda_
- Watched _Dogville_
- Fixed & uploaded mueval
- pushups/Mnemosyne

7 July 2008

- Watched _Sayonara, Mr. Despair_
- Read 5 papers
- Push-ups/Mnemosyne

8 July 2008

- Watched 21 episodes of _Wolf's Rain_
- Mnemosyne/pushups
- Read 5 papers

9 July 2008

- Finished _Wolf's Rain_
- Watched _Sanshiro Sugata_

10 July 2008

- pushups/Mnemosyne
- Finished _Avenger_
- some programming, typing of Mnemosyne, and watching of _Yojimbo_

11 July 2008

- Finished _Yojimbo_
- Finished _The Known World_
- Watched 6 episodes of _Utawarerumono_
- pushups/Mnemosyne
- finished fdupes.hs programming

14 July 2008

- Finished _Utawarerumono_
- 7 papers & various College Bowl docs

15 July 2008

- Watched _El Hazard_
- Pushups/Mnemosyne
- Read _Myth-taken Identity_, _Another Fine Myth_

16 July 2008

- Read _Myth-gotten Gains_
- Watched 7 episodes of _Baccano_
- pushups/Mnemosyne

17 July 2008

- Finished watching _Baccano_
- pushups/Mnemosyne
- Finished importing College Bowl Mnemosyne

18 July 2008

- Watched _Before the Devil knows you're dead_
- Mnemosyne/pushups
- 8 papers

21 July 2008

- Finished _Little, Big_
- pushups/Mnemosyne
- watched 4 videos

22 July 2008

- watched 4 episodes of _Ergo Proxy_
- pushups/Mnemosyne
- 6 videos & papers

23 July 2008

- watched 5 episodes of _Ergo Proxy_
- pushups

24 July 2008

- read _Darkness of the Light_
- watched 6 episodes of _Ergo Proxy_

25 July 2008

- Finished _Anti-intellectualism in American thought_
- Finished _Ergo Proxy_
- pushups
- 5 papers

28 July 2008

- Read _M.Y.T.H. INC. Link_
- Read _The Grand Chessboard_
- pushups

29 July 2008

- Finished watching _Helvetica_
- Watched _Tales from Earthsea_
- Finished reading Leeson papers
- Read _Mr. Palomar_
- pushups/Mnemosyne

30 July 2008

- Watched a TED talk
- Watched 2 episodes of _Code Geass_
- 14 papers
- pushups/Mnemosyne

31 July 2008

- Watched 18 episodes of _Code Geass_
- pushups/Mnemosyne

1 August 2008

- Finished _Code Geass_ and _Picture Books_
- Watched _Goodbye Lenin_
- 2 papers
- pushups/Mnemosyne

4 August 2008

- Watched 6 episodes of _Gunslinger Girl_, season 2
- Read _Patterns of Software_
- Finished Mises's _Socialism_
- 5 papers
- pushups

5 August 2008

- Read _Math Writing_
- Watched 21 episodes of _Higurashi no Naku Koro ni_
- 1 paper
- pushups

6 August 2008

- Finished _Higurashi_
- Watched Yegge talk
- Watched part 1 of _Into Great Silence_

7 August 2008

- 2 papers
- finished _Into Great Silence_
- pushups

8 August 2008

- *finally- finished _1001 Things Everyone Should Know About Science_
- Act 1 of _Hamlet_
- pushups

11 August 2008

- Read _Dragon Weather_
- Watched _Higurashi no Naku Koro ni Kai_
- pushups
- 2 papers; started Oberon book

12 August 2008

- Finished _Heartbreak Ridge_
- Read _The Wind-Up Bird Chronicle_

13 August 2008

- Finished _Kafka on the Shore_
- Watched _Stray Dog_

14 August 2008

- Finished _The Counterfeiters_
- Watched 12 episodes of _Code Geass_, season 2
- pushups

15 August 2008

- Read _A Wild Sheep Chase_
- Mnemosyne

18 August 2008

- Finished HAppS video
- Watched _Juno_

19 August 2008

- Finished _The Last Lecture_
- Watched _Wall-E_

20 August 2008

- Watched 3 episodes of _Denno Coil_
- Read 4 papers
- Typed up Mnemosyne

21 August 2008

- Watched 7 episodes of _Denno Coil_
- Finished _Radiance_
- Mnemosyne

22 August 2008

- 9 episodes of _Denno Coil_
- Mnemosyne

25 August 2008

- Finished _Why people believe weird things_
- Finished _Denno Coil_
- Watched exponential lecture
- Mnemosyne/pushups

26 August 2008

- Finished _The Master and Margarita_
- Read _Burning Chrome_
- Finished the Lambdabot running-in-~/ patches
- Watched _Indiana and the Kingdom of the Crystal Skull_
- Go
- pushups/Mnemosyne

27 August 2008

- 12 episodes of _Mahoromatic_
- Mnemosyne/pushups

28 August 2008

- 11 episodes of _Mahoromatic_
- Mnemosyne/pushups

29 August 2008

- Finished _Mahoromatic_
- Finished Carse lecture
- Read _All Tomorrow's Parties_
- Mnemosyne

2 September 2008

- 3 episodes of _Sketchbook_
- Wrote justifications essay
- pushups

3 September 2008

- Finished _Sketchbook: Color's_
- Finished _Black swan green_
- Mnemosyne/pushups

4 September 2008

- Watched 4 episodes of _Darker Than Black_
- Zen Mnemosyne

5 September 2008

- Watched 11 episodes of _Darker Than Black_
- Mnemosyne/pushups

6 September 2008

- Finished _Darker Than Black_
- Finished _Due Considerations_
LW MoR comment
Wed Jan 26 15:03:39 EST 2011
finished adding note-taking to xmonad.hs
Wed Jan 26 15:15:21 EST 2011
turned notetaking into xmonad-contrib patch; added reminder to push/darcs send in a week when c.h.o is up
Wed Jan 26 15:21:11 EST 2011
add fundamental attribution error quote to LW
Wed Jan 26 15:27:37 EST 2011
finished mnemosyne
Wed Jan 26 15:31:43 EST 2011
dealt wth kansas city star review of eva 2.0
Wed Jan 26 15:40:35 EST 2011
finished incorporating comics alliance article on eva
Wed Jan 26 15:49:01 EST 2011
incorporated last of the 2.0 reviews
Wed Jan 26 16:03:27 EST 2011
finished daily WP watchlist catchup
Wed Jan 26 16:20:00 EST 2011
finished daily EML reading
Wed Jan 26 16:33:08 EST 2011
reddit browsing for 2011 predictions done
Wed Jan 26 16:54:25 EST 2011
finished google reader, starting mnemosyne images (already done bloater, chalcedony)
Wed Jan 26 17:00:04 EST 2011
done a few mnemosyne images, switching to vocab (a-e)
Wed Jan 26 17:20:06 EST 2011
finished vocab; reading _Mx0_
Wed Jan 26 18:28:09 EST 2011
finished Mx0
Wed Jan 26 19:03:31 EST 2011
finished ch35 of radiance
Wed Jan 26 20:07:42 EST 2011
returned from king kullen crunching & ice cream & simpsons
Wed Jan 26 20:08:23 EST 2011
define: dubitation
Wed Jan 26 20:38:18 EST 2011
reddit/reader/hacker news/lesswrong
Wed Jan 26 20:51:19 EST 2011
finished adding scalzi oscar predictions to PB.com
Wed Jan 26 20:58:25 EST 2011
starting n-backing
Wed Jan 26 21:06:47 EST 2011
first DNB
Wed Jan 26 21:15:36 EST 2011
haskell buddhist discussion ended
Wed Jan 26 21:21:18 EST 2011
finished 2nd DNB
Wed Jan 26 21:32:52 EST 2011
another reddit visit
Wed Jan 26 21:38:37 EST 2011
finished third DNB
Wed Jan 26 21:53:35 EST 2011
reading modal logic PDF
Wed Jan 26 23:06:28 EST 2011
stopped reading SICP
Wed Jan 26 23:48:56 EST 2011
finished HWN & graph database ln
Thu Jan 27 09:20:35 EST 2011
CRS pdf
Thu Jan 27 09:28:38 EST 2011
finished gmail
Thu Jan 27 09:41:16 EST 2011
punt on testing recent Pandoc syntax extension
Thu Jan 27 09:42:19 EST 2011
define; procumbent
Thu Jan 27 10:24:36 EST 2011
back from shoveling and to google reader
Thu Jan 27 11:05:12 EST 2011
finished google reader, back to shoveling
Thu Jan 27 11:32:11 EST 2011
in from shoveling
Thu Jan 27 11:45:52 EST 2011
finished reading links from google reader, switching to wikipedia watchlist
Thu Jan 27 12:06:40 EST 2011
cleaned up _Speed Grapher_ CSE hits
Thu Jan 27 12:40:21 EST 2011
finished WP watchlist
Thu Jan 27 12:44:31 EST 2011
zeo melatonin notes
Thu Jan 27 12:47:56 EST 2011
started mnemosyne review
Thu Jan 27 13:08:27 EST 2011
renamed shell scripts
Thu Jan 27 13:20:01 EST 2011
finished mnemosyne
Thu Jan 27 14:12:50 EST 2011
showered & lunched
Thu Jan 27 14:22:42 EST 2011
mnemosyne: images for cygnet, kudzu, nacelle
Thu Jan 27 14:22:55 EST 2011
mnemosyne: starting a-f sound
Thu Jan 27 14:49:10 EST 2011
end of ahcker news visit
Thu Jan 27 15:39:56 EST 2011
finished mnemo vocab. back to google reader & _The Great Stagnation_ reviews
Thu Jan 27 16:04:35 EST 2011
starting EML reading
Thu Jan 27 16:19:27 EST 2011
fnished EML reading
Thu Jan 27 16:24:56 EST 2011
partial patch for SIGHUP handling in xmonad
Thu Jan 27 16:45:55 EST 2011
edit otaku.page
Thu Jan 27 17:01:18 EST 2011
upload Zeo data, update zeo wiki, update index, refresh gwern.net
Thu Jan 27 17:17:01 EST 2011
starting TOR newsletter reading (beauty belongs to the flowers, and WoT reread)
Thu Jan 27 17:39:09 EST 2011
finally got gwern.net front page looking correct; start responding to HN replies
Thu Jan 27 18:19:43 EST 2011
finished TOR pages, switching to hanson terrorism prediction markets
Thu Jan 27 21:22:17 EST 2011
finished daily diction/style edit of an article (About.page)
Thu Jan 27 21:58:48 EST 2011
watched ep 1 of _Black Heaven_
Thu Jan 27 22:26:57 EST 2011
watched ep 2 of _Black Heaven_
Thu Jan 27 22:32:02 EST 2011
1 session of n-backing - rubbish score as usual for late at night
Thu Jan 27 23:18:00 EST 2011
read _Onegai twins_ manga
Thu Jan 27 23:39:00 EST 2011
watched ep 3 of _Black Heaven_
Fri Jan 28 12:50:37 EST 2011
Fri Jan 28 14:30:04 EST 2011
posted Anno _Anime Guide_ followup
Fri Jan 28 15:19:29 EST 2011
added in 2 new vocab to mnemosyne
Fri Jan 28 15:59:40 EST 2011
finished daily EML
Fri Jan 28 16:47:32 EST 2011
finished Mnemosyne review
Fri Jan 28 17:12:10 EST 2011
finished AIXI IQ PDF and bostrom revolutions.pdf
Fri Jan 28 19:50:06 EST 2011
added AIXI IQ test to LW discussion
Fri Jan 28 21:08:30 EST 2011
added titles/sections to notes.page
Fri Jan 28 21:58:07 EST 2011
finished daily edit of article: against the miletians
Fri Jan 28 22:14:13 EST 2011
1 round of n-backing
Fri Jan 28 22:45:06 EST 2011
Fri Jan 28 22:45:18 EST 2011
finished second round
Fri Jan 28 23:21:41 EST 2011
round 4 of dnb
Fri Jan 28 23:38:03 EST 2011
round 5 of DNB done, with good results. thank the coconut oil?
Fri Jan 28 23:44:49 EST 2011
daily EGF log read
Sat Jan 29 11:39:27 EST 2011
finished mental rotations
Sat Jan 29 11:51:58 EST 2011
added vitamin d to nootropics list
Sat Jan 29 12:06:01 EST 2011
finished EML reading
Sat Jan 29 13:13:52 EST 2011
read PDF on slowing productivity growth
Sat Jan 29 13:32:57 EST 2011
finished attentional blink meditaation PDF
Sat Jan 29 13:49:05 EST 2011
finished EGF log read
Sat Jan 29 14:13:10 EST 2011
did daily style edit of an abortion dialogue
Sat Jan 29 14:27:22 EST 2011
read 1 fwd PDF
Sat Jan 29 14:40:55 EST 2011
finished nishida kitaro japanese nationalism PDF
Sat Jan 29 14:47:38 EST 2011
finished PDF on bluffing in prediction markets
Sat Jan 29 15:07:12 EST 2011
finished philo PDF arguing against any strong or intrinsic idea of species using bacteria as examples
Sat Jan 29 19:18:36 EST 2011
skipping involved paper on statistics vs causes in evolution
Sat Jan 29 19:43:21 EST 2011
read glymour when is the planet like a brain PDF
Sat Jan 29 19:54:02 EST 2011
read PDF against adiabatic quantum hypercomputation
Sat Jan 29 20:07:19 EST 2011
read pdf on why economists don't like simulations
Sat Jan 29 20:32:05 EST 2011
finished mnemosyne review
Sat Jan 29 23:19:09 EST 2011
watched ep 4 of _Black Heaven_
Sun Jan 30 09:31:24 EST 2011
finished google reader
Sun Jan 30 09:38:25 EST 2011
finished reddit reply & google reader
Sun Jan 30 11:10:58 EST 2011
finished mental rotations
Sun Jan 30 11:32:46 EST 2011
finished daily EGF reading
Sun Jan 30 11:33:02 EST 2011
previously finished daily EML reading
Sun Jan 30 14:13:06 EST 2011
finished mnemosyne review
Sun Jan 30 14:18:53 EST 2011
define; mondial
Sun Jan 30 14:21:01 EST 2011
define: indign
Sun Jan 30 14:29:12 EST 2011
giving up on adding sounds & images to mnemosyne for the day
Sun Jan 30 18:31:16 EST 2011
finished watching _Black Heaven_
Sun Jan 30 20:55:56 EST 2011
finished cleaning up _Black Heaven_ CSE results
Sun Jan 30 21:18:17 EST 2011
finished 2nd n-backing session
Sun Jan 30 21:51:35 EST 2011
watched first darker than black gaiden episode
Sun Jan 30 23:01:54 EST 2011
finished reading rey meta-atheism
Sun Jan 30 23:11:47 EST 2011
third n-backing
Sun Jan 30 23:30:40 EST 2011
ep 2 of DtB ova
Sun Jan 30 23:47:42 EST 2011
ep 3 of DtB ova; last ep?
Sun Jan 30 23:53:47 EST 2011
fourth n-backing
Mon Jan 31 00:18:11 EST 2011
fifth n-backing
Mon Jan 31 09:59:21 EST 2011
finished go games
Mon Jan 31 10:44:00 EST 2011
finished google reader/HN/reddit/LW
Mon Jan 31 12:18:01 EST 2011
finished RAND report on military and alternative fuels
Mon Jan 31 12:39:19 EST 2011
finished economics pdf field carousel of progress
Mon Jan 31 12:59:11 EST 2011
finished daily EML
Mon Jan 31 13:10:35 EST 2011
daily EGF read
Mon Jan 31 13:32:20 EST 2011
finished mnemosyne review
Mon Jan 31 14:08:16 EST 2011
first n-backing
Mon Jan 31 14:25:25 EST 2011
seond n-backing
Mon Jan 31 14:42:50 EST 2011
finished uploading BW DNB group files to my dropbox
Mon Jan 31 17:08:50 EST 2011
watched gemini of the meteor 1
Mon Jan 31 17:34:48 EST 2011
watched gemini of the meteor 2
Mon Jan 31 18:33:15 EST 2011
watched gemini of the meteor 3
Mon Jan 31 18:58:19 EST 2011
fourth n-backing
Mon Jan 31 19:16:59 EST 2011
watched gemini of the meteor 4
Mon Jan 31 19:44:33 EST 2011
fifth n-backing
Mon Jan 31 20:04:08 EST 2011
watched gemini of the meteor 5
Mon Jan 31 20:54:14 EST 2011
watched gemini of the meteor 6 and then had dinner
Mon Jan 31 21:09:31 EST 2011
watched gemini of the meteor 7
Mon Jan 31 21:17:19 EST 2011
sixth n-backing
Mon Jan 31 21:32:42 EST 2011
added some mnemosyne pictures
Mon Jan 31 21:38:13 EST 2011
finished adding mnemosyne pronunciation
Mon Jan 31 22:05:00 EST 2011
watched gemini of the meteor 8
Mon Jan 31 22:30:56 EST 2011
watched gemini of the meteor 9
Mon Jan 31 22:44:25 EST 2011
watched gemini of the meteor 10
Mon Jan 31 22:54:22 EST 2011
watched gemini of the meteor 11
Mon Jan 31 23:07:46 EST 2011
watched gemini of the meteor 12; last ep
Tue Feb  1 10:33:19 EST 2011
finished rotations exercise
Tue Feb  1 12:26:48 EST 2011
finsihed google reader and all links
Tue Feb  1 12:30:28 EST 2011
define milliner
Tue Feb  1 13:17:46 EST 2011
finished daily EGF read
Tue Feb  1 14:02:28 EST 2011
finished reading backus retrospective about creating Fortran
Tue Feb  1 14:22:07 EST 2011
finished mnemosyne review
Tue Feb  1 15:18:29 EST 2011
read 1 fwd/ PDF on god's lack of obligation to create most-perfect beings or worlds
Tue Feb  1 16:43:35 EST 2011
finished adding a bunch of tags to ogg files & using vorbisgain on them all; scrobbling of recently acquired music still in process
Tue Feb  1 17:21:47 EST 2011
extracted text files from yi articledb
Tue Feb  1 17:30:16 EST 2011
added new emacs job to crontab
Tue Feb  1 19:35:32 EST 2011
first n-backing
Tue Feb  1 20:33:20 EST 2011
finished reading chemical essentialism PDF
Tue Feb  1 20:45:58 EST 2011
second n-backing
Tue Feb  1 21:43:50 EST 2011
third n-backing
Wed Feb  2 00:00:16 EST 2011
watched 1 ep of shakugan no shana and 2 shorter humor things
Wed Feb  2 09:24:05 EST 2011
finished google reader & links
Wed Feb  2 09:24:14 EST 2011
define helot
Wed Feb  2 10:29:31 EST 2011
finished daily EML
Wed Feb  2 10:49:05 EST 2011
read daily EGF logs
Wed Feb  2 11:35:26 EST 2011
cleaned up Lilpri CSE hits
Wed Feb  2 11:39:06 EST 2011
finished 3 days of WP watchlist
Wed Feb  2 14:58:22 EST 2011
finished daily mnemosyne review
Wed Feb  2 16:02:45 EST 2011
got some early results from my absent-minded driver simulation
Wed Feb  2 16:39:14 EST 2011
finished absent-minded driver simulation stuff, posted summary on the page
Wed Feb  2 17:18:29 EST 2011
Wed Feb  2 17:18:33 EST 2011
second n-backing
Wed Feb  2 18:06:37 EST 2011
third n-backing
Wed Feb  2 18:37:08 EST 2011
fourth n-backing
Wed Feb  2 19:54:30 EST 2011
finished reading chalmers PDF on singularity
Wed Feb  2 20:12:56 EST 2011
fifth n-backing
Wed Feb  2 20:35:57 EST 2011
added some images to mnemosyne
Wed Feb  2 20:58:25 EST 2011
rewrote mog to be quicker
Wed Feb  2 21:17:05 EST 2011
finished adding mnemosyne audio; new script saves a lot of time!
Wed Feb  2 21:56:26 EST 2011
daily cpedit of article: Barratry
Wed Feb  2 22:43:43 EST 2011
did some formatting work on eva predictions
Thu Feb  3 15:15:18 EST 2011
read 1 FWD pdf
Thu Feb  3 15:32:50 EST 2011
finished mnemosyne review
Thu Feb  3 16:03:19 EST 2011
read 1 FWD PDF
Thu Feb  3 16:06:53 EST 2011
6 rounds of amphetype
Thu Feb  3 16:26:38 EST 2011
daily EGF review
Thu Feb  3 21:58:38 EST 2011
daily EML read
Thu Feb  3 22:53:12 EST 2011
finished adding mnemosyne pronunciation
Fri Feb  4 11:41:27 EST 2011
define verdigris
Fri Feb  4 11:41:30 EST 2011
finished google reader
Fri Feb  4 12:25:51 EST 2011
cleaned up CSE hits for mio saeki
Fri Feb  4 17:08:11 EST 2011
daily EML read
Fri Feb  4 17:25:02 EST 2011
daily EGF read done, and also did some filtering that cut out 20MB
Fri Feb  4 17:33:01 EST 2011
rewrote EGF script to handle the UTF8, and also require a bit longer lines. cut it down to 104M from 129
Fri Feb  4 19:19:23 EST 2011
finished mnemosyne review
Fri Feb  4 20:19:23 EST 2011
done with mnemosyne pictures
Fri Feb  4 20:47:10 EST 2011
finished adding mnemosyne pronunciation
Fri Feb  4 22:02:29 EST 2011
watched ep 2 of shakugan no shana second
Fri Feb  4 22:10:43 EST 2011
first n-backing
Fri Feb  4 22:24:02 EST 2011
second n-backing
Fri Feb  4 22:46:45 EST 2011
third n-backing
Fri Feb  4 23:03:10 EST 2011
watched ep 3 of shakugan no shana second
Fri Feb  4 23:18:15 EST 2011
fourth n-backing
Fri Feb  4 23:29:23 EST 2011
watched ep 4 of shakugan no shana second
Fri Feb  4 23:43:55 EST 2011
fifth n-backing
Sat Feb  5 13:50:21 EST 2011
finished daily EML read
Sat Feb  5 13:52:11 EST 2011
finished mental rotations
Sat Feb  5 14:00:20 EST 2011
daily EGF log read
Sat Feb  5 14:18:44 EST 2011
finished daily mnemosyne review
Sat Feb  5 14:23:26 EST 2011
cleaned up CSE for Mai no Mahō to Katei no Hi
Sat Feb  5 14:28:49 EST 2011
cleaned up CSE for Moshidora
Sat Feb  5 14:38:27 EST 2011
finally finished cleaning up CSE hits for Cardfight!! Vanguard
Sat Feb  5 15:15:55 EST 2011
cleaned up CSE for Shin'ichi Morioka
Sat Feb  5 16:32:58 EST 2011
first n-backing
Sat Feb  5 17:19:21 EST 2011
finished watching first Yokohama OVA, added review & rating on MAL, started a manga torrent
Sat Feb  5 17:24:29 EST 2011
second n-backing
Sat Feb  5 18:09:11 EST 2011
third n-backing
Sat Feb  5 20:27:20 EST 2011
fourth n-backing
Sat Feb  5 20:48:11 EST 2011
fifth n-backing
Sat Feb  5 21:00:48 EST 2011
added mnemosyne images
Sat Feb  5 21:43:10 EST 2011
read egan "Crystal Nights"
Sat Feb  5 21:44:07 EST 2011
finished mnemosyne pronunciation
Sat Feb  5 21:50:10 EST 2011
finally finished listened to Black Heaven OST and all the Blue Nile tracks
Sun Feb  6 14:18:42 EST 2011
finished daily EML reading; found a good new point for komm-susser-tod
Sun Feb  6 14:28:23 EST 2011
finished mental rotations
Sun Feb  6 15:26:01 EST 2011
daily EGF log done
Sun Feb  6 18:26:47 EST 2011
watched ep 5 of shakugan no shana second
Sun Feb  6 20:00:19 EST 2011
finished mnemosyne review
Sun Feb  6 23:24:10 EST 2011
added big intro to resilient haskell software
Mon Feb  7 00:29:31 EST 2011
managed to excerpt first D&R filmbook, but got bogged down in middle of second. abandoning it for the night
Mon Feb  7 12:22:01 EST 2011
finished google reader and its links (including a 26! page new yorker article on scientology)
Mon Feb  7 12:40:04 EST 2011
dealt with melatonin personal email
Mon Feb  7 12:45:36 EST 2011
define: dyspeptic
Mon Feb  7 13:54:04 EST 2011
finished 2010 SoC update. whew!
Mon Feb  7 14:44:02 EST 2011
ok, I hadn't actually finished the SoC. but this time I think I have!
Mon Feb  7 17:55:18 EST 2011
read 1 FWD pdf
Mon Feb  7 18:05:11 EST 2011
finished amphetype typing exercises
Mon Feb  7 18:13:59 EST 2011
finished mnemosyne review
Tue Feb  8 10:47:09 EST 2011
installed nevernote & kicked off a synchronization
Tue Feb  8 11:22:15 EST 2011
define: caitiff
Tue Feb  8 11:37:35 EST 2011
daily EGF log read
Tue Feb  8 12:44:33 EST 2011
finished daily EML read
Wed Feb  9 13:12:44 EST 2011
finished today's mnemosyne review (still behind on yesterday's)
Wed Feb  9 13:12:57 EST 2011
finished google reader links
Wed Feb  9 13:13:05 EST 2011
yet more updates to summer of code page, ready for reddit
Wed Feb  9 16:06:19 EST 2011
final edit of Haskell SoC, giving up on reddit for now and submitting to hacker news
Wed Feb  9 19:04:31 EST 2011
submitted SoC to reddit & haskell-cafe, dealt with first correction
Wed Feb  9 23:20:07 EST 2011
watched ep 6 of shakugan no shana second
Wed Feb  9 23:46:15 EST 2011
commited all the gwern.net front page changes. lord that took forever even with cwillu's work!
Thu Feb 10 11:18:13 EST 2011
finished chapter 2 of clark & daily emacs ireader
Thu Feb 10 12:08:38 EST 2011
read gates letter
Thu Feb 10 12:16:01 EST 2011
finished all mnemosyne review
Thu Feb 10 13:05:32 EST 2011
watched ep 7 of shakugan no shana second
Thu Feb 10 16:23:27 EST 2011
edited 2 poems & the About page; poems are much better (resolved troublesome last stanza of Finney poem and finally got the full formal structure of the Brave poem down)
Thu Feb 10 16:32:04 EST 2011
finished amphetype
Thu Feb 10 16:43:38 EST 2011
daily EGF log read
Thu Feb 10 17:02:30 EST 2011
finish updating my haskell resume, and record all changes made in the wiki today thus far
Thu Feb 10 17:06:01 EST 2011
comment the css changes from yesterday
Thu Feb 10 17:38:54 EST 2011
some ireader of wittgenstein
Thu Feb 10 17:43:12 EST 2011
read 1 FWD PDF
Thu Feb 10 18:26:29 EST 2011
reorganize predictions-eva into sections
Thu Feb 10 19:06:52 EST 2011
finished replacing the _darcs of the wiki and backup file; reclaiming 7G of space
Thu Feb 10 19:26:28 EST 2011
give up reading statistical inference PDF
Thu Feb 10 19:34:34 EST 2011
watched ep 8 of shakugan no shana second
Fri Feb 11 11:59:27 EST 2011
ireader done
Fri Feb 11 12:49:03 EST 2011
clean up kamen tantei
Fri Feb 11 14:18:14 EST 2011
read chapter of farewell to alms, notes synchronized with evernote
Fri Feb 11 15:14:45 EST 2011
write psueodnomity anecdote for #lesswrong in notes.page
Fri Feb 11 17:23:34 EST 2011
finished compiling list of links about school and sleep
Fri Feb 11 20:55:08 EST 2011
finished EML read
Fri Feb 11 20:55:13 EST 2011
an abortion dialogue submitted to LW discussion
Fri Feb 11 20:58:58 EST 2011
EGF log read
Sat Feb 12 10:04:14 EST 2011
finished google reader, korean wiki question catchup, some redditing
Sat Feb 12 11:18:37 EST 2011
finished rotations
Sat Feb 12 11:26:59 EST 2011
set evernote to public
Sat Feb 12 00:00:04 EST 2011
wrote and split out new essay on defending anime consumption
Sat Feb 12 00:00:16 EST 2011
reorganized renamed deleted some pages in wiki, linked from index
Sat Feb 12 12:42:22 EST 2011
took care of quotes and google calendar items in todo
Sat Feb 12 13:20:08 EST 2011
took care of pig feet images
Sat Feb 12 13:24:12 EST 2011
define dobok
Sat Feb 12 13:25:21 EST 2011
finally sent xristo email!
Sat Feb 12 13:51:24 EST 2011
messaged nihon joe
Sat Feb 12 14:12:46 EST 2011
watched ebert interview
Sat Feb 12 14:20:24 EST 2011
daily EGF log rea
Sat Feb 12 20:20:00 EST 2011
watched ep 9-16 of shakugan no shana second
Sun Feb 13 14:39:57 EST 2011
daily read of clark
Sun Feb 13 15:40:16 EST 2011
daily EGF read
Sun Feb 13 16:59:11 EST 2011
finished mnemosyne review
Sun Feb 13 17:02:05 EST 2011
imported alms notes for the day
Sun Feb 13 17:42:22 EST 2011
read latest cites & insights PDF
Mon Feb 14 10:59:15 EST 2011
finished google reader & reddit
Mon Feb 14 11:16:51 EST 2011
finished mnemosyne review
Mon Feb 14 15:49:13 EST 2011
finished reading chronopause
Tue Feb 15 10:42:50 EST 2011
finished first draft of information theory mini-essay in between kansas city & san francisco flights
Tue Feb 15 12:38:39 EST 2011
read 3d printing paper
Tue Feb 15 12:48:24 EST 2011
read clark chapter 5, 6, 7
Tue Feb 15 13:17:26 EST 2011
read and excerpted bostrom sandberg paper on cognitive nehancements. didn't know sage was a cholinergic!
Tue Feb 15 14:20:11 EST 2011
inserted clark and bostrom notes into nevernote
Wed Feb 16 18:18:12 EST 2011
finished up all google reader and lesswrong stuff, more or less
Wed Feb 16 21:08:06 EST 2011
cleaned up lolicon CSE results
Wed Feb 16 23:01:35 PST 2011
crossed off stoplist from todo list since I did that earlier; also enabled irssi logging
Thu Feb 17 00:46:31 PST 2011
wrote folding@home essay in Notes
Thu Feb 17 09:28:47 PST 2011
added drop shadows to gwern.net css
Thu Feb 17 10:44:00 PST 2011
finished google reader
Thu Feb 17 13:32:08 PST 2011
finally added a solid derivation of 5 minute rule to Mnemosyne. relieved a bit of guilt I hadn't even realized I had
Thu Feb 17 13:59:47 PST 2011
cleaned up lolicon CSE hits, again
Thu Feb 17 16:45:57 PST 2011
finished today's mnemosyne but not the backlog
Thu Feb 17 17:19:48 PST 2011
read bitcoin paper & immutable audit paper
Thu Feb 17 23:06:34 PST 2011
watched shakugan no shana 18, 19, and 20
Fri Feb 18 09:46:55 PST 2011
done with google reader links
Fri Feb 18 11:07:32 PST 2011
took care of eva email and consequent necessary edits to various pages
Sat Feb 19 01:16:19 PST 2011
add material to abortion dialogue per LW
Sat Feb 19 11:14:51 PST 2011
google reader done, lw done
Sat Feb 19 18:30:43 PST 2011
finished mental rotations
Sat Feb 19 18:46:52 PST 2011
read chapter 8 of clark
Mon Feb 21 23:02:09 PST 2011
read ch9 of clark, and imported ch8 and ch9 into evernote
Mon Feb 21 23:12:39 PST 2011
finished amphetype
Mon Feb 21 23:53:42 PST 2011
finished 2 or 3 days of mnemosyne backlog
Wed Feb 23 10:07:43 PST 2011
finished google reader
Wed Feb 23 11:44:48 PST 2011
read ch 11 of clark and synchronized notes from ch 10 and ch 11
Wed Feb 23 13:29:22 PST 2011
downloaded current SF photos, pruned, rotated, and mailed off leila's photos
Wed Feb 23 13:29:46 PST 2011
finished all of the mnemosyne backlog!
Wed Feb 23 14:15:55 PST 2011
started sf memoir
Wed Feb 23 14:42:50 PST 2011
uploaded & backed up Zeo data; generated & trimmed screenshots; committed them and transcluded them in the wiki
Wed Feb 23 14:52:32 PST 2011
define fomes eidos
Wed Feb 23 15:01:02 PST 2011
daily EGF log read
Wed Feb 23 15:33:06 PST 2011
watched shakugan ep 21
Wed Feb 23 23:32:59 PST 2011
watched shakugan ep 22
Wed Feb 23 23:44:12 PST 2011
watched shakugan ep 23
Thu Feb 24 10:44:12 PST 2011
cleaned up vixens cse hits & saved article
Thu Feb 24 12:59:14 PST 2011
finished amhpetype
Thu Feb 24 13:50:00 PST 2011
read ch11 clark
Thu Feb 24 13:59:40 PST 2011
finished mnemosyne review
Thu Feb 24 16:25:25 PST 2011
finished asian kungfu generation discography
Thu Feb 24 23:31:20 PST 2011
finished first draft of girl scouts essay! good lord!
Fri Feb 25 23:45:27 PST 2011
finished mnemosyne review
Fri Feb 25 23:45:33 PST 2011
published 3 dune essays
Fri Feb 25 23:49:05 PST 2011
daily EGF log read
Sat Feb 26 13:43:08 PST 2011
finished google reader
Sun Feb 27 17:48:21 PST 2011
finished google reader
Sun Feb 27 17:48:24 PST 2011
finished mental rotations
Sun Feb 27 17:48:27 PST 2011
finished mnemosyne review
Sun Feb 27 18:41:34 PST 2011
finished faily EML read
Sun Feb 27 18:50:41 PST 2011
finished daily EGF log read
Mon Feb 28 13:48:47 PST 2011
finally incorporated all quotes in todo and from coders at work into wiki entries. phew!
Tue Mar  1 09:43:03 PST 2011
finished reading _Coders at Work_
Wed Mar  2 15:44:15 EST 2011
finished daily EGF log read
Wed Mar  2 15:52:23 EST 2011
finished daily EML read
Wed Mar  2 18:33:11 EST 2011
finished mnemosyne review & backlog
Thu Mar  3 09:45:44 EST 2011
finished re-read of MoR
Thu Mar  3 10:53:22 EST 2011
finished google reader & links
Thu Mar  3 11:33:19 EST 2011
finsihed mental rotations
Thu Mar  3 11:37:45 EST 2011
finished amhpetype
Thu Mar  3 11:40:44 EST 2011
finished mnemosyne review
Thu Mar  3 11:49:55 EST 2011
finished daily EGF log read
Thu Mar  3 14:47:56 EST 2011
cleaned up CSE hits for Akari Saho
Fri Mar  4 13:12:05 EST 2011
finished google reader
Fri Mar  4 13:12:44 EST 2011
define: schwaramei
Fri Mar  4 14:32:36 EST 2011
daily EGF log
Fri Mar  4 17:31:47 EST 2011
watched ep 2 of sora no woto
Fri Mar  4 20:56:03 EST 2011
finished mnemosyne review
Fri Mar  4 22:41:27 EST 2011
watched ep 3 of sora no woto
Fri Mar  4 23:30:25 EST 2011
finished daily EML read
Sat Mar  5 14:12:11 EST 2011
finished google reader
Sat Mar  5 14:24:36 EST 2011
finished mental rotations
Sat Mar  5 14:51:57 EST 2011
finished mnemosyne review
Sat Mar  5 21:40:51 EST 2011
watched ep 4 of Sora no Woto
Sat Mar  5 22:52:54 EST 2011
watched ep 5 of Sora no Woto
Sat Mar  5 22:53:05 EST 2011
watched ep 6 of Sora no Woto
Sat Mar  5 23:31:30 EST 2011
watched ep 7 of Sora no Woto
Sat Mar  5 23:55:48 EST 2011
watched ep 8 of Sora no Woto
Sun Mar  6 13:57:55 EST 2011
finished google reader
Tue Mar  8 10:18:08 EST 2011
finished google reader links
Tue Mar  8 10:58:25 EST 2011
finished today's mnemosyne
Tue Mar  8 11:44:16 EST 2011
finished mental rotations
Tue Mar  8 12:06:55 EST 2011
define: corniche
Wed Mar  9 10:37:22 EST 2011
define aegis
Wed Mar  9 10:50:58 EST 2011
finished google reader links
Wed Mar  9 14:24:06 EST 2011
daily EGF log read
Thu Mar 10 11:59:29 EST 2011
first round of n-back
Thu Mar 10 16:12:18 EST 2011
watched ep 9 of _Sora no Woto_
Thu Mar 10 21:26:15 EST 2011
watched ep 10 of _Sora no Woto_
Fri Mar 11 10:45:24 EST 2011
finished google reader links
Fri Mar 11 14:00:10 EST 2011
watched ep 11 of _Sora no Woto_
Fri Mar 11 14:06:43 EST 2011
finished daily EGF log read
Fri Mar 11 14:49:42 EST 2011
finished reading _Reading Graphs, Maps, Trees: critical responses to Franco Moretti_
Fri Mar 11 17:02:25 EST 2011
first round of dual n-back
Fri Mar 11 17:02:34 EST 2011
second round of dual n-back
Fri Mar 11 17:51:06 EST 2011
third round of dual n-back
Fri Mar 11 18:04:13 EST 2011
finished amphetype
Fri Mar 11 18:12:20 EST 2011
fourth round of dual n-back
Fri Mar 11 18:15:43 EST 2011
finished mnemosyne review
Fri Mar 11 18:26:23 EST 2011
finished daily EML read
Fri Mar 11 19:33:44 EST 2011
fifth round of dual n-back
Sat Mar 12 11:26:15 EST 2011
finished mental rotations
Sat Mar 12 11:38:52 EST 2011
finished daily mnemosyne review & last of mnemosyne backlog
Sat Mar 12 12:55:03 EST 2011
finished google reader links
Sat Mar 12 13:00:12 EST 2011
finished daily EML reading; finally done with october 1998!
Sat Mar 12 13:47:46 EST 2011
finished daily EGF log read
Sat Mar 12 14:22:05 EST 2011
watched ep 12 of _Sora no Woto_ ED
Sat Mar 12 15:55:07 EST 2011
finished _The Last Ringbearer_; pretty good although I wasn't expecting a Le Carre spy novel
Sat Mar 12 16:31:29 EST 2011
watched ep 2 of _Madoka_
Sat Mar 12 16:49:59 EST 2011
watched ep 3 of _Madoka_
Sat Mar 12 17:03:45 EST 2011
watched ep 4 of _Madoka_
Sat Mar 12 17:33:00 EST 2011
watched ep 5 of _Madoka_
Sat Mar 12 18:08:24 EST 2011
first round of n-backing
Sat Mar 12 18:26:10 EST 2011
watched ep 6 of _Madoka_
Sat Mar 12 18:49:37 EST 2011
second round of n-backing
Sat Mar 12 19:29:41 EST 2011
watched ep 7 of _Madoka_
Sat Mar 12 19:37:03 EST 2011
third round of n-backing
Sat Mar 12 19:58:04 EST 2011
watched ep 9 of _Madoka_
Sat Mar 12 20:08:37 EST 2011
fourth round of n-backing
Sat Mar 12 20:31:07 EST 2011
watched ep 10 of _Madoka_
Sat Mar 12 21:05:34 EST 2011
fifth round of n-backing
Sat Mar 12 21:40:51 EST 2011
watched ep 8 of _Madoka_
Sun Mar 13 13:39:46 EDT 2011
watched ep 1 of _Chaos Head_
Sun Mar 13 13:43:15 EDT 2011
watched ep 1 of _Chaos Head_
Sun Mar 13 13:43:22 EDT 2011
watched ep 2 of _Chaos Head_
Sun Mar 13 14:57:37 EDT 2011
watched ep 3 of _Chaos Head_
Sun Mar 13 15:22:53 EDT 2011
watched ep 4 of _Chaos Head_
Sun Mar 13 15:28:11 EDT 2011
finished daily mnemosyne review
Sun Mar 13 15:51:59 EDT 2011
watched ep 5 of _Chaos Head_
Sun Mar 13 16:06:36 EDT 2011
first round of n-backing
Sun Mar 13 16:28:38 EDT 2011
watched ep 6 of _Chaos Head_
Sun Mar 13 16:58:50 EDT 2011
second round of n-backing
Sun Mar 13 17:25:30 EDT 2011
third round of n-backing
Sun Mar 13 18:17:57 EDT 2011
fourth round of n-backing
Sun Mar 13 18:18:05 EDT 2011
watched ep 7 of _Chaos Head_
Sun Mar 13 18:18:12 EDT 2011
watched ep 8 of _Chaos Head_
Sun Mar 13 18:39:19 EDT 2011
watched ep 9 of _Chaos Head_
Sun Mar 13 19:15:47 EDT 2011
fifth round of n-backing
Sun Mar 13 19:28:34 EDT 2011
watched ep 10 of _Chaos Head_
Sun Mar 13 19:57:51 EDT 2011
sixth round of n-backing
Sun Mar 13 20:11:39 EDT 2011
watched ep 11 of _Chaos Head_
Sun Mar 13 22:30:29 EDT 2011
daily EML read
Sun Mar 13 22:45:35 EDT 2011
seventh round of n-backing
Sun Mar 13 23:06:25 EDT 2011
ch 14 of clark
Sun Mar 13 23:16:32 EDT 2011
eighth round of n-backing
Mon Mar 14 12:49:58 EDT 2011
ch 15 of clark
Mon Mar 14 13:18:56 EDT 2011
finished google reader links
Mon Mar 14 14:10:35 EDT 2011
daily EGF log read
Mon Mar 14 14:30:54 EDT 2011
finished mnemosyne
Mon Mar 14 14:59:43 EDT 2011
finished amphetype
Mon Mar 14 15:05:29 EDT 2011
first round of n-back
Mon Mar 14 22:48:33 EDT 2011
ch 16 of clark
Mon Mar 14 23:00:26 EDT 2011
ch 17 of clark
Mon Mar 14 23:06:16 EDT 2011
ch 18 of clark; ED
Tue Mar 15 13:26:49 EDT 2011
clean up lolicon CSE hits - again
Wed Mar 16 11:17:38 EDT 2011
finished google reader links
Wed Mar 16 11:55:40 EDT 2011
finished chemical brothers discography
Wed Mar 16 12:01:19 EDT 2011
read buffet testimony
Wed Mar 16 23:11:28 EDT 2011
finished daily EML read
Thu Mar 17 16:08:27 EDT 2011
finished with _What Technology Wants_ (reading list)
Thu Mar 17 17:20:20 EDT 2011
read 3 fwd PDFs
Thu Mar 17 22:02:30 EDT 2011
cleaned up CSE hits for Tsunade
Thu Mar 17 22:06:06 EDT 2011
cleaned up CSE results for lolicon
Thu Mar 17 22:35:07 EDT 2011
finished amphetype
Thu Mar 17 23:21:53 EDT 2011
finished mnemosyne review & mnemosyne backlog
Thu Mar 17 23:29:11 EDT 2011
uploaded lsat of _Farewell to Alms_ notes to evernote
Fri Mar 18 11:58:41 EDT 2011
finished google reader links & catching up on PredictionBook
Fri Mar 18 12:12:00 EDT 2011
finished mnemosyne review & backlog (?)
Fri Mar 18 13:58:31 EDT 2011
finished mental rotations (not scheduled for today but website was down last time)
Fri Mar 18 14:00:11 EDT 2011
daily EML read
Fri Mar 18 14:02:28 EDT 2011
daily EGF log read
Sat Mar 19 11:24:27 EDT 2011
watched 10 episodes of _Platonic Chain_
Sat Mar 19 11:45:36 EDT 2011
finished mental rotations
Sat Mar 19 12:08:16 EDT 2011
finished mnemosyne review
Sat Mar 19 15:26:06 EDT 2011
first round of n-back
Sat Mar 19 15:42:12 EDT 2011
second round of n-back
Sat Mar 19 18:47:05 EDT 2011
daily EGF log read
Sat Mar 19 20:03:01 EDT 2011
daily EML read
Sat Mar 19 20:11:08 EDT 2011
third round of n-back
Sat Mar 19 20:39:37 EDT 2011
watched 10 eps of _Platonic Chain_
Sat Mar 19 20:59:02 EDT 2011
fourth round of n-back
Sat Mar 19 21:43:11 EDT 2011
fifth round of n-back
Sun Mar 20 14:11:28 EDT 2011
daily EML read
Sun Mar 20 14:13:15 EDT 2011
finished mnemosyne
Sun Mar 20 14:24:19 EDT 2011
daily EGF log read
Sun Mar 20 21:17:00 EDT 2011
finished watching _Platonic CHain_
Sun Mar 20 22:03:44 EDT 2011
watched _Honey and Clover_ episode 1
Sun Mar 20 22:06:27 EDT 2011
first round of n-backing
Sun Mar 20 22:25:07 EDT 2011
watched _Honey and Clover_ episode 2
Sun Mar 20 22:29:29 EDT 2011
second round of n-backing
Sun Mar 20 22:49:54 EDT 2011
watched _Honey and Clover_ episode 3
Sun Mar 20 23:02:41 EDT 2011
third round of n-backing
Sun Mar 20 23:14:42 EDT 2011
watched _Honey and Clover_ episode 4
Sun Mar 20 23:23:42 EDT 2011
fourth round of n-backing
Sun Mar 20 23:32:46 EDT 2011
watched _Honey and Clover_ episode 5
Sun Mar 20 23:37:41 EDT 2011
fifth round of n-backing
Mon Mar 21 14:05:40 EDT 2011
finished all google reader links
Mon Mar 21 14:14:41 EDT 2011
finished mnemosyne
Mon Mar 21 14:16:36 EDT 2011
finished amphetype
Mon Mar 21 14:34:32 EDT 2011
first round of n-back
Mon Mar 21 14:48:23 EDT 2011
second round of n-back
Mon Mar 21 15:05:15 EDT 2011
third round of n-back
Tue Mar 22 12:01:21 EDT 2011
finished mnemosyne
Tue Mar 22 12:22:24 EDT 2011
watched _Honey and Clover_ episode 6
Tue Mar 22 12:36:08 EDT 2011
finished rotations
Tue Mar 22 13:43:57 EDT 2011
watched _Honey and Clover_ episode 7
Tue Mar 22 15:00:22 EDT 2011
daily EGF log read
Tue Mar 22 17:22:24 EDT 2011
watched _Honey and Clover_ episode 8
Wed Mar 23 12:44:39 EDT 2011
daily EML read
Wed Mar 23 12:46:14 EDT 2011
finished mnemosyne
Wed Mar 23 12:54:55 EDT 2011
daily EGF log read
Wed Mar 23 13:45:56 EDT 2011
watched _Honey and Clover_ episode 9
Wed Mar 23 23:13:51 EDT 2011
watched _Honey and Clover_ episode 10
Fri Mar 25 00:38:43 EDT 2011
watched _Honey and Clover_ episode 11
Fri Mar 25 11:01:37 EDT 2011
finished reading finland study
Fri Mar 25 11:07:41 EDT 2011
daily read of EGF log
Fri Mar 25 11:22:46 EDT 2011
finished today's mnemosyne (but not backlog)
Sat Mar 26 12:52:02 EDT 2011
finished rotations
Sat Mar 26 12:52:42 EDT 2011
Sat Mar 26 13:56:40 EDT 2011
finished google reader links
Sat Mar 26 16:10:31 EDT 2011
daily EGF log read
Sat Mar 26 23:49:23 EDT 2011
finished daily mnemosyne (still backlog)
Sun Mar 27 10:40:50 EDT 2011
finished google reader links
Sun Mar 27 15:26:17 EDT 2011
ordered new hard drive for backups
Sun Mar 27 15:38:36 EDT 2011
cleaned up lolicon CSE hits
Sun Mar 27 15:55:33 EDT 2011
finised mnemosyne & backlog
Sun Mar 27 15:56:43 EDT 2011
daily EGF log read
Mon Mar 28 10:50:03 EDT 2011
finished google reader links
Mon Mar 28 11:42:41 EDT 2011
finsihed amphetype
Mon Mar 28 11:43:30 EDT 2011
finished mnemosyne review
Mon Mar 28 12:33:28 EDT 2011
first round of n-back
Mon Mar 28 12:44:35 EDT 2011
second round of n-back
Mon Mar 28 14:39:18 EDT 2011
watched _Honey & Clover_ episode 12
Mon Mar 28 18:11:34 EDT 2011
daily EGF log read
Mon Mar 28 23:54:53 EDT 2011
third round of n-back
Mon Mar 28 23:57:15 EDT 2011
fourth round of n-back
Tue Mar 29 00:00:36 EDT 2011
fifth round of n-back
Tue Mar 29 11:16:54 EDT 2011
finished mental rotations
Tue Mar 29 15:03:12 EDT 2011
finished mnemosyne review
Tue Mar 29 15:31:49 EDT 2011
watched _Honey & Clover_ episode 13
Tue Mar 29 22:05:31 EDT 2011
finished daily EML read; finished november 1998!
Wed Mar 30 10:13:11 EDT 2011
finished google reader links
Wed Mar 30 10:45:32 EDT 2011
finished mnemosyne review
Wed Mar 30 11:44:10 EDT 2011
watched _Honey & Clover_ episode 14
Wed Mar 30 12:54:43 EDT 2011
watched _Honey & Clover_ episode 15
Wed Mar 30 14:17:18 EDT 2011
clean up shigurui CSE results
Wed Mar 30 18:23:07 EDT 2011
finished reading _Founders at Work_
Wed Mar 30 20:49:53 EDT 2011
watched _Honey & Clover_ episode 16
Wed Mar 30 21:11:24 EDT 2011
daily EGF log read
Thu Mar 31 11:37:30 EDT 2011
finished google reader links
Thu Mar 31 12:05:37 EDT 2011
daily EGF log read
Thu Mar 31 12:28:05 EDT 2011
finished mnemosyne review
Thu Mar 31 12:43:16 EDT 2011
finished amphetype
Thu Mar 31 13:31:32 EDT 2011
finished first go through foo fighters discography
Thu Mar 31 13:49:20 EDT 2011
watched _Honey & Clover_ episode 17
Thu Mar 31 14:02:20 EDT 2011
watched _Honey & Clover_ episode 18
Thu Mar 31 14:39:02 EDT 2011
watched _Honey & Clover_ episode 19
Thu Mar 31 19:21:21 EDT 2011
watched _Honey & Clover_ episode 20
Thu Mar 31 23:39:30 EDT 2011
watched _Honey & Clover_ episode 21
Thu Mar 31 23:46:00 EDT 2011
first round of n-back
Thu Mar 31 23:49:21 EDT 2011
second round of n-back
Thu Mar 31 23:54:42 EDT 2011
third round of n-back
Fri Apr  1 00:03:00 EDT 2011
fourth round of n-back
Fri Apr  1 00:08:25 EDT 2011
fifth round of n-back
Fri Apr  1 12:31:11 EDT 2011
Fri Apr  1 20:33:36 EDT 2011
finished mnemosyne review
Fri Apr  1 20:42:33 EDT 2011
first round of n-backing
Fri Apr  1 20:44:55 EDT 2011
second round of n-backing
Fri Apr  1 20:58:40 EDT 2011
third round of n-backing
Fri Apr  1 21:07:15 EDT 2011
fourth round of n-backing
Fri Apr  1 21:13:02 EDT 2011
fifth round of n-backing
Fri Apr  1 22:37:25 EDT 2011
daily EML read
Fri Apr  1 23:00:50 EDT 2011
sixth round of n-backing
Sat Apr  2 09:46:22 EDT 2011
finished mnemosyne review
Sat Apr  2 09:51:02 EDT 2011
daily EGF log read
Sat Apr  2 10:07:46 EDT 2011
finished google reader links
Sat Apr  2 10:11:30 EDT 2011
finished mental rotations
Sat Apr  2 10:29:17 EDT 2011
watched _Honey & Clover_ episode 22
Sat Apr  2 10:48:54 EDT 2011
finished monkey ladder
Sat Apr  2 14:17:06 EDT 2011
first round of n-backing
Sat Apr  2 14:28:55 EDT 2011
second round of n-backing
Sat Apr  2 14:58:42 EDT 2011
third round of n-backing
Sat Apr  2 15:05:58 EDT 2011
fourth round of n-backing
Sat Apr  2 18:14:48 EDT 2011
watched _Honey & Clover_ episode 23
Sat Apr  2 18:33:06 EDT 2011
watched _Honey & Clover_ episode 24
Sat Apr  2 18:35:46 EDT 2011
fifth round of n-backing
Sat Apr  2 20:02:23 EDT 2011
watched _Honey & Clover_ episode 25
Sat Apr  2 21:16:52 EDT 2011
sixth round of n-backing
Sat Apr  2 22:14:20 EDT 2011
watched _Gundam Evolve_ 11
Sat Apr  2 22:30:26 EDT 2011
seventh round of n-backing
Sat Apr  2 22:49:30 EDT 2011
eith round of n-backing
Sat Apr  2 22:58:21 EDT 2011
ninth round of n-backing
Sat Apr  2 23:03:26 EDT 2011
tenth round of n-backing
Sat Apr  2 23:09:35 EDT 2011
eleventh round of n-backing
Sat Apr  2 23:40:41 EDT 2011
twelth round of n-backing
Sat Apr  2 23:44:30 EDT 2011
thirteenth round of n-backing
Sat Apr  2 23:47:14 EDT 2011
fourteenth round of n-backing
Sun Apr  3 11:21:14 EDT 2011
watched _Gundam Evolve_ 12
Sun Apr  3 11:35:40 EDT 2011
watched _Gundam Evolve_ 13
Sun Apr  3 15:28:44 EDT 2011
watched _Gundam Evolve_ 14
Sun Apr  3 16:17:05 EDT 2011
finished gundam evolve
Sun Apr  3 16:51:49 EDT 2011
daily EML log read
Sun Apr  3 17:07:28 EDT 2011
finished mnemosyne review
Sun Apr  3 18:44:23 EDT 2011
watched episode 1 of _Tatami Galaxy_
Sun Apr  3 19:07:16 EDT 2011
watched episode 2 of _Tatami Galaxy_
Sun Apr  3 19:32:26 EDT 2011
first round of n-backing (D5B)
Sun Apr  3 20:33:50 EDT 2011
second round of n-backing (D5B)
Sun Apr  3 20:48:12 EDT 2011
third round of n-backing (D5B)
Sun Apr  3 21:01:02 EDT 2011
fourth round of n-backing (D5B)
Sun Apr  3 21:04:41 EDT 2011
fifth round of n-backing (D5B)
Sun Apr  3 22:54:11 EDT 2011
watched episode 3 of _Tatami Galaxy_
Sun Apr  3 23:12:42 EDT 2011
finished reading haruki murkami's _after the quake_
Mon Apr  4 14:08:03 EDT 2011
watched episode 4 of _Tatami Galaxy_
Mon Apr  4 17:56:51 EDT 2011
finished mnemosyne review
Tue Apr  5 12:43:54 EDT 2011
finished monkey ladder
Tue Apr  5 12:54:50 EDT 2011
finished amphetype
Tue Apr  5 13:24:31 EDT 2011
watched episode 5 of _Tatami Galaxy_
Tue Apr  5 13:26:42 EDT 2011
finished mnemosyne review
Tue Apr  5 18:25:04 EDT 2011
watched episode 6 of _Tatami Galaxy_
Wed Apr  6 15:44:14 EDT 2011
finished mnemosyne review
Wed Apr  6 18:18:17 EDT 2011
watched episode 7 of _Tatami Galaxy_
Thu Apr  7 13:31:12 EDT 2011
daily EGF log read
Thu Apr  7 15:34:48 EDT 2011
watched episode 8 of _Tatami Galaxy_
Thu Apr  7 15:56:40 EDT 2011
finished mnemosyne review
Thu Apr  7 16:01:59 EDT 2011
finished mnemosyne review
Fri Apr  8 11:19:33 EDT 2011
daily EGF log read
Fri Apr  8 11:27:03 EDT 2011
finished mnemosyne review
Fri Apr  8 19:55:16 EDT 2011
watched episode 9 of _Tatami Galaxy_
Sat Apr  9 11:51:05 EDT 2011
finished google reader links
Sat Apr  9 13:58:25 EDT 2011
finished mnemosyne review
Sat Apr  9 14:43:25 EDT 2011
finished daily EGF log read
Sat Apr  9 16:16:29 EDT 2011
daily EML read
Sat Apr  9 16:31:37 EDT 2011
finished monkey ladder
Sat Apr  9 23:26:04 EDT 2011
first round of n-back
Sat Apr  9 23:46:10 EDT 2011
second round of n-back
Sun Apr 10 00:12:47 EDT 2011
third round of n-back
Sun Apr 10 00:28:07 EDT 2011
fifth round of n-back
Sun Apr 10 17:50:27 EDT 2011
daily EML read
Sun Apr 10 18:33:45 EDT 2011
daily EGF log read
Mon Apr 11 22:45:58 EDT 2011
daily EGF log read
Tue Apr 12 10:06:33 EDT 2011
daily EGF log read
Tue Apr 12 22:04:33 EDT 2011
watched ep 10 of _Tatami Galaxy_
Tue Apr 12 23:29:28 EDT 2011
daily EML read - finished december 1998 and 1998! ED
Wed Apr 13 12:12:01 EDT 2011
cleaned up lolicon CSE again
Wed Apr 13 12:27:02 EDT 2011
daily EGF log read
Wed Apr 13 17:20:28 EDT 2011
finished Mnemosyne review
Wed Apr 13 17:26:29 EDT 2011
first round of n-back
Wed Apr 13 17:29:48 EDT 2011
second round of n-back
Wed Apr 13 17:33:29 EDT 2011
third round of n-back
Wed Apr 13 17:38:14 EDT 2011
fourth round of n-back
Wed Apr 13 17:54:48 EDT 2011
fifth round of n-back
Wed Apr 13 18:00:17 EDT 2011
sixth round of n-back
Wed Apr 13 18:03:06 EDT 2011
seventh round of n-back
Wed Apr 13 18:18:45 EDT 2011
eigth round of n-back
Wed Apr 13 18:23:10 EDT 2011
ninth round of n-back
Wed Apr 13 19:59:12 EDT 2011
tenth round of n-back
Wed Apr 13 20:42:17 EDT 2011
daily EML read
Wed Apr 13 21:06:09 EDT 2011
eleventh round of n-back
Wed Apr 13 23:01:32 EDT 2011
watched ep 1 of _RideBack_
Thu Apr 14 14:34:22 EDT 2011
finished amphetype exercises
Thu Apr 14 14:34:27 EDT 2011
finished mnemosyne review
Thu Apr 14 14:49:37 EDT 2011
daily EGF log read
Thu Apr 14 22:19:03 EDT 2011
first round of n-back
Thu Apr 14 22:21:48 EDT 2011
second round of n-back
Thu Apr 14 22:34:14 EDT 2011
Thu Apr 14 22:36:57 EDT 2011
third round of n-back
Thu Apr 14 22:42:37 EDT 2011
fourth round of n-back
Thu Apr 14 22:58:28 EDT 2011
fifth round of n-back
Thu Apr 14 23:18:06 EDT 2011
watched ep 2 of _RideBack_
Thu Apr 14 23:31:17 EDT 2011
sixth round of n-back
Thu Apr 14 23:31:25 EDT 2011
seventh round of n-back
Thu Apr 14 23:31:29 EDT 2011
eith round of n-back
Thu Apr 14 23:34:50 EDT 2011
ninth round of n-back
Mon Apr 18 22:22:16 EDT 2011
Mon Apr 18 22:32:29 EDT 2011
daily EGF log read
Tue Apr 19 13:12:55 EDT 2011
finished mnemosyne review
Tue Apr 19 13:29:43 EDT 2011
daily EGF log read
Tue Apr 19 16:12:05 EDT 2011
Tue Apr 19 20:40:25 EDT 2011
watched ep 3 of _RideBack_
Tue Apr 19 21:03:01 EDT 2011
watched ep 4 of _RideBack_
Tue Apr 19 21:31:15 EDT 2011
daily EML read
Wed Apr 20 12:05:33 EDT 2011
daily Eva picture prune
Wed Apr 20 12:09:53 EDT 2011
daily EGF log read
Wed Apr 20 15:19:09 EDT 2011
watched ep 5 of _RideBack_
Wed Apr 20 21:34:40 EDT 2011
finished Mnemosyne review
Fri Apr 22 20:21:10 EDT 2011
daily EGF log read
Fri Apr 22 23:04:15 EDT 2011
watched ep 11 _Madoka_
Sat Apr 23 18:43:40 EDT 2011
first round of n-back
Sat Apr 23 19:03:17 EDT 2011
second round of n-back
Sat Apr 23 20:30:34 EDT 2011
third round of n-back
Sun Apr 24 00:18:05 EDT 2011
finished mental rotations
Sun Apr 24 00:18:09 EDT 2011
finished monkey ladder
Mon Apr 25 13:00:54 EDT 2011
finished google reader links
Mon Apr 25 13:18:45 EDT 2011
daily EGF log read
Tue Apr 26 19:04:21 EDT 2011
watched ep 6 of _RideBack_
Tue Apr 26 19:16:45 EDT 2011
finished mnemosyne review & backlog
Tue Apr 26 19:27:44 EDT 2011
watched ep 7 of _RideBack_
Tue Apr 26 20:04:22 EDT 2011
watched ep 8 of _RideBack_
Tue Apr 26 20:37:45 EDT 2011
watched ep 9 of _RideBack_
Thu Apr 28 14:22:24 EDT 2011
finished first cull of Evangelion image dump!
Thu Apr 28 14:29:53 EDT 2011
daily EGF log read
Thu Apr 28 17:57:48 EDT 2011
daily EML read
Thu Apr 28 23:59:29 EDT 2011
daily Mnemosyne review & backlog
Fri Apr 29 11:24:42 EDT 2011
daily EGF log read
Sat Apr 30 20:19:56 EDT 2011
daily EGF log read
Mon May  2 22:33:39 EDT 2011
daily EGF log read
Tue May  3 21:43:45 EDT 2011
daily EGF log read
Tue May  3 23:03:21 EDT 2011
daily EML read
Wed May  4 11:50:40 EDT 2011
daily Mnemosyne review (still backlogged)
Wed May  4 12:26:02 EDT 2011
watched RideBack ep 10
Wed May  4 12:29:38 EDT 2011
daily EGF log read
Thu May  5 13:49:42 EDT 2011
Fri May  6 16:18:47 EDT 2011
watched RideBack ep 11
Fri May  6 16:19:29 EDT 2011
daily Mnemosyne review (still backlogged)
Fri May  6 16:32:17 EDT 2011
watched RideBack ep 12 ED
Sat May  7 22:38:24 EDT 2011
daily Mnemosyne
Sat May  7 22:55:42 EDT 2011
daily EGF log read
Sat May  7 23:05:05 EDT 2011
finished _Edison's Conquest of Mars_
Sat May  7 23:53:58 EDT 2011
daily EML read; finished Jan 1999
Sun May  8 19:44:24 EDT 2011
watched _Panty and Stocking_ ep 1
Sun May  8 20:22:49 EDT 2011
watched _Panty and Stocking_ ep 2
Sun May  8 21:06:25 EDT 2011
watched _Panty and Stocking_ ep 3
Sun May  8 21:37:03 EDT 2011
watched _Panty and Stocking_ ep 4
Mon May  9 10:39:39 EDT 2011
daily EGF read
Mon May  9 11:16:55 EDT 2011
watched _Panty and Stocking_ ep 5
Mon May  9 14:48:12 EDT 2011
watched _Panty and Stocking_ ep 6
Mon May  9 21:13:23 EDT 2011
watched _Panty and Stocking_ ep 7
Mon May  9 21:52:35 EDT 2011
watched _Panty and Stocking_ ep 8
Mon May  9 22:13:55 EDT 2011
watched _Panty and Stocking_ ep 9
Tue May 10 14:27:30 EDT 2011
watched _Panty and Stocking_ ep 10
Tue May 10 14:46:19 EDT 2011
watched _Panty and Stocking_ ep 11
Tue May 10 15:13:19 EDT 2011
watched _Panty and Stocking_ ep 12
Tue May 10 15:35:32 EDT 2011
watched _Panty and Stocking_ ep 13 ED
Tue May 10 17:35:15 EDT 2011
watched _Uzumaki_
Tue May 10 23:42:11 EDT 2011
daily Mnemosyne (still backlogged)
Tue May 10 23:58:39 EDT 2011
daily EGF log read
Wed May 11 12:52:42 EDT 2011
read _Cites & Insights_ 11i6
Wed May 11 13:36:46 EDT 2011
daily Mnemosyne (still backlogged)
Wed May 11 22:44:10 EDT 2011
watched _Confessions_
Wed May 11 23:44:54 EDT 2011
watched ep 1 of _Soredemo_
Thu May 12 13:26:43 EDT 2011
amphetype done
Thu May 12 15:46:26 EDT 2011
watched ep 2 of _Soredemo_
Thu May 12 20:42:36 EDT 2011
watched ep 3 of _Soredemo_
Thu May 12 20:59:43 EDT 2011
watched ep 4 of _Soredemo_
Thu May 12 21:35:36 EDT 2011
watched ep 5 of _Soredemo_
Thu May 12 22:43:04 EDT 2011
daily Mnemosyne (part of backlog done)
Thu May 12 23:38:00 EDT 2011
daily EML read
Fri May 13 00:11:15 EDT 2011
daily EGF log read
Fri May 13 13:47:44 EDT 2011
watched ep 6 of _Soredemo_
Fri May 13 14:20:07 EDT 2011
daily Mnemosyne review (still backlogged)
Fri May 13 14:49:11 EDT 2011
finished Mnemosyne backlog
Fri May 13 16:42:36 EDT 2011
watched ep 7 of _Soredemo_
Fri May 13 20:26:40 EDT 2011
1st round of n-back
Fri May 13 20:41:51 EDT 2011
daily EML read
Fri May 13 21:03:10 EDT 2011
2nd round of n-back
Fri May 13 21:03:19 EDT 2011
3rd round of n-back
Fri May 13 21:03:23 EDT 2011
4th round of n-back
Fri May 13 21:06:17 EDT 2011
5th round of n-back
Fri May 13 21:27:54 EDT 2011
6th round of n-back
Fri May 13 22:17:26 EDT 2011
7th round of n-back
Fri May 13 22:17:30 EDT 2011
8th round of n-back
Fri May 13 22:26:49 EDT 2011
9th round of n-back
Fri May 13 22:38:47 EDT 2011
watched ep 8 of _Soredemo_
Fri May 13 22:44:12 EDT 2011
10th round of n-back
Fri May 13 23:00:52 EDT 2011
watched ep 9 of _Soredemo_
Fri May 13 23:04:08 EDT 2011
11th round of n-back
Fri May 13 23:06:29 EDT 2011
12th round of n-back
Fri May 13 23:18:33 EDT 2011
watched ep 10 of _Soredemo_
Sat May 14 10:42:31 EDT 2011
watched ep 11 of _Soredemo_
Sat May 14 11:02:43 EDT 2011
watched ep 12 ED of _Soredemo_
Sat May 14 11:46:53 EDT 2011
daily Mnemosyne
Sat May 14 18:14:25 EDT 2011
daily EGF log read
Sat May 14 23:36:48 EDT 2011
watched _Welcome to Dongmakgol_
Sun May 15 00:31:09 EDT 2011
watched ep 1 of _Tsukuyomi_
Sun May 15 18:23:01 EDT 2011
daily EML read
Mon May 16 00:35:57 EDT 2011
watched ep 2 of _Tsukuyomi_
Mon May 16 17:02:02 EDT 2011
watched ep 3 of _Tsukuyomi_
Mon May 16 17:23:45 EDT 2011
watched ep 4 of _Tsukuyomi_
Mon May 16 17:27:11 EDT 2011
daily Mnemosyne review; finished backlog
Mon May 16 17:43:30 EDT 2011
watched ep 5 of _Tsukuyomi_
Mon May 16 17:55:44 EDT 2011
watched ep 6 of _Tsukuyomi_
Mon May 16 18:08:04 EDT 2011
watched ep 7 of _Tsukuyomi_
Mon May 16 18:19:03 EDT 2011
watched ep 8 of _Tsukuyomi_
Mon May 16 18:51:47 EDT 2011
watched ep 9 of _Tsukuyomi_
Mon May 16 19:00:18 EDT 2011
watched ep 10 of _Tsukuyomi_
Mon May 16 20:11:01 EDT 2011
watched ep 11 of _Tsukuyomi_
Mon May 16 20:46:51 EDT 2011
watched ep 12 of _Tsukuyomi_
Mon May 16 20:47:08 EDT 2011
watched ep 13 of _Tsukuyomi_
Mon May 16 20:56:59 EDT 2011
watched ep 14 of _Tsukuyomi_
Mon May 16 21:11:03 EDT 2011
watched ep 15 of _Tsukuyomi_
Mon May 16 23:04:02 EDT 2011
daily EGF log read
Tue May 17 13:04:18 EDT 2011
Mnemosyne review
Tue May 17 13:18:42 EDT 2011
watched ep 16 of _Tsukuyomi_
Tue May 17 18:32:54 EDT 2011
daily EML read
Tue May 17 19:17:33 EDT 2011
watched ep 17 of _Tsukuyomi_
Tue May 17 19:28:25 EDT 2011
watched ep 18 of _Tsukuyomi_
Tue May 17 19:42:52 EDT 2011
watched ep 19 of _Tsukuyomi_
Wed May 18 13:10:57 EDT 2011
watched ep 21-24 of _Tsukuyomi_
Wed May 18 13:36:58 EDT 2011
watched ep 25  of _Tsukuyomi_
Wed May 18 13:37:09 EDT 2011
watched ep 26  of _Tsukuyomi_
Fri May 20 11:40:33 EDT 2011
daily EGF log read
Sun May 22 13:10:23 EDT 2011
daily Mnemosyne (backlogged)
Mon May 23 14:34:10 EDT 2011
finished _Being Wrong_
Mon May 23 14:34:15 EDT 2011
gave up on _The Luck Factor_
Mon May 23 14:34:21 EDT 2011
watched _Mad Max_ (1)
Wed May 25 20:17:44 EDT 2011
daily EGF log read
Tue Jun  7 17:01:49 EDT 2011
daily EML read
Tue Jun  7 19:37:35 EDT 2011
daily EGF log read
Tue Jun  7 20:30:42 EDT 2011
daily mnemosyne review (massive backlog as per my prediction)
Wed Jun  8 13:46:39 EDT 2011
watched _Cencoroll_
Wed Jun  8 14:10:30 EDT 2011
watched _Glassy Ocean_
Wed Jun  8 23:47:50 EDT 2011
daily EGF log read
Thu Jun  9 19:19:03 EDT 2011
daily EGF log read
Thu Jun  9 19:42:53 EDT 2011
Mnemosyne review (still backlogged)
Mon Jun 13 21:47:05 EDT 2011
watched _Moyashimon_ ep 1 & 2
Mon Jun 13 23:16:35 EDT 2011
daily Mnemosyne review
Mon Jun 13 23:16:41 EDT 2011
daily EML read
Tue Jun 14 11:39:44 EDT 2011
daily Mnemosyne
Tue Jun 14 15:04:51 EDT 2011
finished _Wikipedia Reader_
Tue Jun 14 17:04:28 EDT 2011
finished linkchecker cleanup
Tue Jun 14 17:33:55 EDT 2011
daily EML read
Wed Jun 15 21:38:05 EDT 2011
daily EML read; finished February 1999
Thu Jun 16 18:20:17 EDT 2011
watched ep 3 of _Moyashimon_
Thu Jun 16 20:53:55 EDT 2011
watched ep 4 of _Moyashimon_
Fri Jun 17 10:52:30 EDT 2011
daily Mnemosyne & some backlog
Fri Jun 17 15:38:55 EDT 2011
watched _Moyashimon_ 06
Fri Jun 17 15:39:05 EDT 2011
watched _Moyashimon_ 05
Fri Jun 17 21:08:49 EDT 2011
watched _Searching for Bobby Fischer_
Fri Jun 17 21:31:48 EDT 2011
watched _Shinryaku_ 01
Fri Jun 17 21:48:45 EDT 2011
watched _Shinryaku_ 02
Sat Jun 18 10:23:33 EDT 2011
daily EGF log read
Sun Jun 19 14:21:59 EDT 2011
daily EML read
Sun Jun 19 15:06:44 EDT 2011
watched _Moyashimon_ 07
Sun Jun 19 15:18:53 EDT 2011
watched ep 3 of Shinryaku
Sun Jun 19 16:25:28 EDT 2011
daily EGF log read
Sun Jun 19 16:37:45 EDT 2011
Mnemosyne review, did some backlog
Mon Jun 20 13:39:00 EDT 2011
daily EML read
Mon Jun 20 14:57:52 EDT 2011
daily Mnemosyne
Tue Jun 21 16:33:05 EDT 2011
daily EML read
Tue Jun 21 20:43:44 EDT 2011
daily Mnemosyne
Tue Jun 21 20:58:40 EDT 2011
daily EGF log read
Tue Jun 21 23:07:07 EDT 2011
watched _Shinryaku_ ep 4
Tue Jun 21 23:17:03 EDT 2011
watched _Moyashimon_ 08
Wed Jun 22 23:28:31 EDT 2011
watched _Moyashimon_ 09
Wed Jun 22 23:38:59 EDT 2011
watched _Shinryaku_ 05
Wed Jun 22 23:45:59 EDT 2011
more Mnemosyne review (still backlogged 400)
Thu Jun 23 16:50:42 EDT 2011
daily EML read
Fri Jun 24 22:14:33 EDT 2011
daily EML read
Fri Jun 24 22:20:04 EDT 2011
Fri Jun 24 22:20:07 EDT 2011
cleaned up Isao CSE hits
Fri Jun 24 23:23:47 EDT 2011
watched _Moyashimon_ 10
Fri Jun 24 23:34:33 EDT 2011
watched _Shinryaku_ ep 06
Mon Jun 27 08:55:07 EDT 2011
clean up winry rockbell CSE results
Mon Jun 27 15:28:52 EDT 2011
daily EML read; finished march 1999!
Mon Jun 27 21:59:06 EDT 2011
watched _Moyashimon_ ep 12 ED
Mon Jun 27 22:11:07 EDT 2011
watched _Shinryaku_ ep 07
Mon Jun 27 22:30:41 EDT 2011
watched _Shinryaku_ ep 08
Mon Jun 27 22:38:51 EDT 2011
Mnemosyne review
Mon Jun 27 22:51:44 EDT 2011
EGF log read
Tue Jun 28 12:50:13 EDT 2011
Mnemosyne review
Tue Jun 28 17:18:23 EDT 2011
daily EML read
Wed Jun 29 12:08:22 EDT 2011
daily EML read
Wed Jun 29 12:26:11 EDT 2011
Mnemosyne review
Thu Jun 30 13:04:32 EDT 2011
watched _Shinryaku_ 09
Thu Jun 30 13:18:07 EDT 2011
watched _Shinryaku_ 10
Thu Jun 30 21:17:03 EDT 2011
Amphetype
Thu Jun 30 21:31:51 EDT 2011
watched _Shinryaku_ 11
Thu Jun 30 22:10:17 EDT 2011
Mnemosyne review (took care of some backlog)
Fri Jul  1 13:41:34 EDT 2011
daily EML read
Sat Jul  2 18:20:07 EDT 2011
daily EML
Mon Jul  4 21:54:45 EDT 2011
daily EML; finished April 1999
Tue Jul  5 00:48:16 EDT 2011
Mnemosyne review
Tue Jul  5 01:05:53 EDT 2011
Amphetype
Tue Jul  5 23:10:42 EDT 2011
Mnemosyne
Wed Jul  6 15:39:51 EDT 2011
Mnemosyne
Wed Jul  6 21:19:13 EDT 2011
EML read; finished may 1999 (short month)
Thu Jul  7 23:16:45 EDT 2011
daily EML; finished June 1999 in one long sprint
Fri Jul  8 02:12:01 EDT 2011
Amphetype
Fri Jul  8 11:22:26 EDT 2011
read Hamming's _The Art of Doing Science and Engineering_
Fri Jul  8 12:52:26 EDT 2011
Mnemosyne
Sun Jul 10 17:50:24 EDT 2011
daily EML
Mon Jul 11 22:26:28 EDT 2011
Mnemosyne
Mon Jul 11 22:32:17 EDT 2011
first round of n-back
Tue Jul 12 18:54:18 EDT 2011
daily EML
Tue Jul 12 22:35:26 EDT 2011
Mnemosyne
Sat Jul 16 01:41:56 EDT 2011
finsihed five rounds of n-back as part of second armodafinil experiment
Mon Jul 18 15:06:22 EDT 2011
finished reading _Cyphernomicon_
Mon Jul 18 18:38:18 EDT 2011
finished reading _The Architecture of Open Source Applications_
Mon Jul 18 19:21:39 EDT 2011
daily EML
Mon Jul 18 23:21:48 EDT 2011
watched _O Brother, Where Art Thou?_
Mon Jul 18 23:45:25 EDT 2011
fr=urst riybd if b0vacj
Mon Jul 18 23:48:07 EDT 2011
second round of n-back
Mon Jul 18 23:53:38 EDT 2011
third round of n-back
Wed Jul 20 14:53:42 EDT 2011
daily EML; finished July 1999
Thu Jul 21 17:34:57 EDT 2011
daily EML
Thu Jul 21 19:59:33 EDT 2011
Amphetype
Fri Jul 22 17:54:02 EDT 2011
daily EML
Fri Jul 22 19:55:48 EDT 2011
Mnemosyne
Sat Jul 23 19:51:25 EDT 2011
Mnemosyne
Sat Jul 23 22:58:16 EDT 2011
first round of n-back
Sun Jul 24 01:12:55 EDT 2011
second n-back
Sun Jul 24 01:13:01 EDT 2011
third n-back
Sun Jul 24 01:14:37 EDT 2011
Mnemosyne
Sun Jul 24 02:52:16 EDT 2011
watched 5 episodes of _Air_
Sun Jul 24 16:38:20 EDT 2011
EML read: finished August 1999
Sun Jul 24 16:58:51 EDT 2011
Mnemosyne
Mon Jul 25 21:14:18 EDT 2011
Amphetype
Tue Jul 26 18:34:37 EDT 2011
daily EML
Thu Jul 28 22:29:43 EDT 2011
Mnemosyne
Thu Jul 28 23:24:38 EDT 2011
watched ep 6 of _Air_
Thu Jul 28 23:45:36 EDT 2011
watched ep 7 of _Air_
Fri Jul 29 21:21:56 EDT 2011
finished reading _Metamorphosis of Prime Intellect_
Fri Jul 29 23:00:24 EDT 2011
finished reading _Expert Judgement on Markers to Deter Inadvertent Human Intrusion into the Waste Isolation Pilot Plant_
Fri Jul 29 23:10:45 EDT 2011
Mnemosyne
Sat Jul 30 18:15:59 EDT 2011
finished reading _Exit, Voice, and Loyalty_
Sun Jul 31 23:28:03 EDT 2011
daily EML read; finished September 1999
Mon Aug  1 03:58:02 EDT 2011
Mnemosyne review (dealt with some backlog)
Mon Aug  1 15:18:02 EDT 2011
Mon Aug  1 23:32:25 EDT 2011
first round of n-back
Mon Aug  1 23:36:33 EDT 2011
second round of n-backing
Mon Aug  1 23:45:44 EDT 2011
third round of n-backing
Mon Aug  1 23:51:40 EDT 2011
fourth round of n-backing
Mon Aug  1 23:53:49 EDT 2011
fifth round of n-backing
Tue Aug  2 17:02:48 EDT 2011
Monkey Ladder
Tue Aug  2 23:18:56 EDT 2011
Mnemosyne
Wed Aug  3 16:19:00 EDT 2011
daily EML
Wed Aug  3 18:39:47 EDT 2011
watche _Air_ 8 & 9
Wed Aug  3 18:55:22 EDT 2011
watche _Air_ 10
Wed Aug  3 20:22:29 EDT 2011
watche _Air_ 11
Wed Aug  3 21:28:17 EDT 2011
watche _Air_ 12 ED & bonus episode
Wed Aug  3 22:22:14 EDT 2011
Mnemosyne
Thu Aug  4 10:39:26 EDT 2011
EML read; finished October 1999
Thu Aug  4 11:28:07 EDT 2011
Mnemosyne
Fri Aug  5 14:16:01 EDT 2011
Mnemosyne
Fri Aug  5 15:02:04 EDT 2011
Fri Aug  5 20:43:16 EDT 2011
Sat Aug  6 00:04:43 EDT 2011
watched _Honey & Clover II_ ep 1 & 2
Sat Aug  6 21:26:24 EDT 2011
daily EML
Sun Aug  7 13:28:02 EDT 2011
daily EML; finished Nov 1999
Sun Aug  7 16:02:24 EDT 2011
Mnemosyne; finished whole backlog & learned all new Rubaiyat and Haskell cards
Mon Aug  8 13:50:15 EDT 2011
finished excerpting "In The Beginning Was The Command Line"
Mon Aug  8 15:11:24 EDT 2011
Mnemosyne
Mon Aug  8 15:19:00 EDT 2011
Amphetype
Mon Aug  8 21:47:53 EDT 2011
watched _Honey & CLover II_ 03
Mon Aug  8 22:07:34 EDT 2011
daily EML
Tue Aug  9 15:48:34 EDT 2011
finished reading Haruhi 10.1, 10.2
Tue Aug  9 19:33:49 EDT 2011
daily EML read - finished December 1999!
Wed Aug 10 00:16:32 EDT 2011
Mnemosyne
Wed Aug 10 21:49:25 EDT 2011
Mnemosyne
Wed Aug 10 22:37:37 EDT 2011
daily EML; finished January 1999
Thu Aug 11 21:06:41 EDT 2011
EML
Fri Aug 12 16:28:13 EDT 2011
EML
Fri Aug 12 19:10:31 EDT 2011
cleaned up Spica CSE
Fri Aug 12 19:13:25 EDT 2011
cleaned up Lolicon CSE (surprisingly free of porn considering how long it's been since I last cleaned it)
Fri Aug 12 21:26:48 EDT 2011
passed 1000 predictions on PB.com!
Fri Aug 12 22:20:45 EDT 2011
Mnemosyne
Sat Aug 13 20:03:48 EDT 2011
Mnemosyne
Sat Aug 13 20:27:30 EDT 2011
EML; finished February 2000
Sun Aug 14 14:01:33 EDT 2011
watched _Honey & Clover II_ ep 04
Sun Aug 14 16:33:40 EDT 2011
gave up on importing Intrade predictions for the day
Sun Aug 14 16:33:52 EDT 2011
reviewed 500 WP talk page edits for new Inclusionism experiment
Sun Aug 14 16:48:25 EDT 2011
EML; finished March 2000
Sun Aug 14 22:10:17 EDT 2011
Mnemosyne
Sun Aug 14 22:10:49 EDT 2011
watched _Honey & Clover II_ ep 05
Mon Aug 15 17:11:42 EDT 2011
EML
Mon Aug 15 18:46:01 EDT 2011
watched _Honey & Clover II_ ep 07
Mon Aug 15 18:49:06 EDT 2011
Mnemosyne
Mon Aug 15 20:05:15 EDT 2011
reviewed 500 WP talk page edits
Mon Aug 15 21:08:21 EDT 2011
added more Intrade predictions
Mon Aug 15 23:29:58 EDT 2011
Amphetype
Tue Aug 16 15:39:10 EDT 2011
Mnemosyne
Tue Aug 16 16:46:02 EDT 2011
EML
Wed Aug 17 00:01:25 EDT 2011
watched _Honey & Clover II_ ep 08
Wed Aug 17 17:21:12 EDT 2011
EML; finished April 2000
Wed Aug 17 17:29:39 EDT 2011
Mnemosyne
Thu Aug 18 00:40:18 EDT 2011
first round of n-back
Thu Aug 18 00:43:19 EDT 2011
second round of n-back
Thu Aug 18 00:47:09 EDT 2011
third round of n-back
Sat Aug 20 00:19:27 EDT 2011
mnemosyne
Sat Aug 20 16:18:15 EDT 2011
cleaned up Swallowtail Inn CSE hits
Sat Aug 20 17:16:48 EDT 2011
cleaned up Ikigami CSE hits
Sat Aug 20 17:38:05 EDT 2011
Monkey Ladder
Sat Aug 20 21:30:13 EDT 2011
finished reading Luttwak, _The Grand Strategy of the Byzantine Empire_
Sun Aug 21 11:54:00 EDT 2011
cleaned up Dorohedoro CSE hits
Sun Aug 21 19:04:39 EDT 2011
EML; finished May 2000
Sun Aug 21 22:54:47 EDT 2011
Mnemosyne and backlog
Sun Aug 21 23:06:47 EDT 2011
watched _Honey & Clover II_ ep 09
Mon Aug 22 16:19:13 EDT 2011
Mnemosyne
Mon Aug 22 18:40:34 EDT 2011
Amphetype
Mon Aug 22 21:35:44 EDT 2011
watched _Honey & Clover II_ ep 10
Tue Aug 23 16:19:22 EDT 2011
Mnemosyne
Wed Aug 24 13:54:54 EDT 2011
Wed Aug 24 13:54:57 EDT 2011
Wed Aug 24 21:55:58 EDT 2011
EML; finished June 2000
Wed Aug 24 22:50:15 EDT 2011
Mnemosyne
Wed Aug 24 23:09:17 EDT 2011
watched _Honey & Clover II_ ep 11
Thu Aug 25 16:51:35 EDT 2011
Mnemosyne
Thu Aug 25 18:15:44 EDT 2011
finished reading _This Craft of Verse_
Thu Aug 25 20:08:28 EDT 2011
EML
Thu Aug 25 23:10:35 EDT 2011
watched _Honey & Clover II_ ep 12 ED
Fri Aug 26 19:51:04 EDT 2011
finished _Nothing to Envy_
Fri Aug 26 22:43:42 EDT 2011
EML
Sat Aug 27 20:05:22 EDT 2011
Mnemosyne
Sat Aug 27 23:11:37 EDT 2011
EML; finished July 2000
Sun Aug 28 22:59:56 EDT 2011
watched _Bakemonogatari_ episode 4
Sun Aug 28 23:15:20 EDT 2011
Mnemosyne
Mon Aug 29 15:18:52 EDT 2011
Mnemosyne
Mon Aug 29 15:42:12 EDT 2011
EML
Mon Aug 29 16:34:20 EDT 2011
Amphetype
Mon Aug 29 18:08:11 EDT 2011
finished C PDFs in Tanner lectures
Tue Aug 30 20:52:14 EDT 2011
Mnemosyne
Wed Aug 31 19:27:32 EDT 2011
Mnemosyne
Wed Aug 31 23:17:35 EDT 2011
EML
Thu Sep  1 10:09:45 EDT 2011
cleaned up 'Buster Keel' CSE results
Fri Sep  2 21:27:35 EDT 2011
EML; finished August 2000
Fri Sep  2 22:49:51 EDT 2011
cleaned up yandere CSE
Sun Sep  4 16:45:09 EDT 2011
cleaned up 'Ride on Shooting Star' CSE
Sun Sep  4 16:52:48 EDT 2011
cleaned up Skuld CSE
Sun Sep  4 17:32:20 EDT 2011
EML; finished September 2000
Sun Sep  4 23:26:29 EDT 2011
Mnemosyne
Mon Sep  5 15:58:04 EDT 2011
EML
Mon Sep  5 18:08:00 EDT 2011
Mnemosyne (finished backlog)
Tue Sep  6 09:30:27 EDT 2011
cleaned up Iou Kuroda CSE hits
Tue Sep  6 15:02:40 EDT 2011
EML; finished October 2000
Tue Sep  6 15:11:33 EDT 2011
EML; finished November 2000
Tue Sep  6 16:03:10 EDT 2011
EML; finished December 2000
Tue Sep  6 17:23:45 EDT 2011
Mnemosyne
Wed Sep  7 12:27:51 EDT 2011
light CSE cleanup for Perrine Monogatari
Wed Sep  7 18:35:46 EDT 2011
EML; finished January 2001
Wed Sep  7 21:22:52 EDT 2011
Mnemosyne
Thu Sep  8 12:50:35 EDT 2011
EML; finished February 2001
Thu Sep  8 17:38:21 EDT 2011
EML; finished April 20001 and now I have a heap of Bochan/Olivier emails to integrate...
Thu Sep  8 17:50:38 EDT 2011
Mnemosyne
Fri Sep  9 16:57:07 EDT 2011
Mnemosyne
Sat Sep 10 16:35:36 EDT 2011
EML; finished may 2001
Sat Sep 10 20:19:10 EDT 2011
Mnemosyne
Sun Sep 11 11:46:21 EDT 2011
Mnemosyne
Sun Sep 11 12:28:24 EDT 2011
EML; finished June 2001
Sun Sep 11 23:33:29 EDT 2011
EML; finished August 2001
Mon Sep 12 00:40:04 EDT 2011
first round of n-back
Mon Sep 12 00:48:22 EDT 2011
second round of n-back
Mon Sep 12 01:22:35 EDT 2011
Mnemosyne
Mon Sep 12 01:28:15 EDT 2011
third round of n-back
Mon Sep 12 01:35:41 EDT 2011
fourth round of n-back
Mon Sep 12 11:41:33 EDT 2011
EML; finished September 2001
Tue Sep 13 14:15:45 EDT 2011
EML; finished October 2001
Tue Sep 13 17:52:10 EDT 2011
Mnemosyne
Wed Sep 14 12:12:16 EDT 2011
EML; finished November 2001
Wed Sep 14 13:37:56 EDT 2011
cleaned up Kiyoshi Yoshida CSE
Wed Sep 14 14:02:50 EDT 2011
partial hentai CSE cleanup
Wed Sep 14 22:51:55 EDT 2011
finished reading _Russian Silhouettes_
Wed Sep 14 23:01:53 EDT 2011
Mnemosyne
Thu Sep 15 13:39:10 EDT 2011
EML; read December 2001 - 2001 finished
Thu Sep 15 13:41:52 EDT 2011
EML; read January 2002
Thu Sep 15 13:51:39 EDT 2011
EML; read February 2002
Thu Sep 15 14:03:41 EDT 2011
EML; read March 2002
Thu Sep 15 14:07:21 EDT 2011
EML; read April 2002
Thu Sep 15 14:14:09 EDT 2011
EML; read May 2002
Thu Sep 15 14:24:11 EDT 2011
EML; read June 2002
Thu Sep 15 14:32:54 EDT 2011
EML; read July 2002
Thu Sep 15 14:42:32 EDT 2011
EML; read August 2002
Thu Sep 15 20:37:36 EDT 2011
EML; read September 2002
Thu Sep 15 20:40:54 EDT 2011
EML; read October 2002
Thu Sep 15 20:43:43 EDT 2011
EML; read November 2002
Thu Sep 15 21:20:31 EDT 2011
EML; read December 2002
Thu Sep 15 21:26:48 EDT 2011
EML; read January 2003
Thu Sep 15 21:27:13 EDT 2011
EML; read February 2003
Thu Sep 15 21:28:46 EDT 2011
EML; read March 2003
Thu Sep 15 21:30:28 EDT 2011
EML; read April 2003
Thu Sep 15 21:35:30 EDT 2011
EML; read May 2003
Thu Sep 15 21:37:11 EDT 2011
EML; read June 2003
Thu Sep 15 21:37:35 EDT 2011
EML; read January 2004 ED oldeva Archives. a melancholy ending.
Fri Sep 16 12:54:25 EDT 2011
EML; finished September 2003
Fri Sep 16 14:44:59 EDT 2011
Mnemosyne
Sat Sep 17 21:14:58 EDT 2011
EML; finished October 2003
Sat Sep 17 21:32:08 EDT 2011
Mnemosyne
Mon Sep 19 13:20:02 EDT 2011
EML; finished December 2003
Mon Sep 19 13:29:18 EDT 2011
EML; finished January 2004
Mon Sep 19 13:33:44 EDT 2011
EML; finished March 2004
Mon Sep 19 13:36:25 EDT 2011
Mnemosyne (finished backlog)
Tue Sep 20 16:00:59 EDT 2011
EML; April, March 2004
Tue Sep 20 19:48:09 EDT 2011
watched Bakemonogatari episode 5
Tue Sep 20 20:10:49 EDT 2011
Mnemosyne
Tue Sep 20 20:35:01 EDT 2011
EML; May 2004
Tue Sep 20 21:04:42 EDT 2011
EML; June 2004
Wed Sep 21 15:19:02 EDT 2011
EML; July 2004
Wed Sep 21 15:19:17 EDT 2011
watched _Steins;gate_ episode 1
Wed Sep 21 15:22:38 EDT 2011
EML; August 2004
Thu Sep 22 13:43:59 EDT 2011
EML; September 2004
Thu Sep 22 13:50:07 EDT 2011
EML; October 2004
Thu Sep 22 13:59:43 EDT 2011
EML; December 2004
Thu Sep 22 14:16:30 EDT 2011
EML; November 2004
Thu Sep 22 15:21:00 EDT 2011
Amphetype
Thu Sep 22 15:51:57 EDT 2011
Mnemosyne
Thu Sep 22 17:04:10 EDT 2011
n-back round 1
Thu Sep 22 17:25:02 EDT 2011
n-back round 2
Thu Sep 22 17:29:48 EDT 2011
n-back round 3
Thu Sep 22 18:10:15 EDT 2011
n-back round 4
Thu Sep 22 18:19:16 EDT 2011
n-back round 5
Thu Sep 22 19:21:48 EDT 2011
watched _Steins;gate_ episode 2
Thu Sep 22 19:51:09 EDT 2011
watched _Steins;gate_ episode 3
Thu Sep 22 23:52:56 EDT 2011
watched _Steins;gate_ episode 4
Fri Sep 23 14:44:51 EDT 2011
EML; January 2005
Fri Sep 23 20:50:47 EDT 2011
watched _Steins;gate_ ep 5
Fri Sep 23 21:21:59 EDT 2011
watched _Steins;gate_ ep 6
Fri Sep 23 21:48:37 EDT 2011
watched _Steins;gate_ ep 7
Sat Sep 24 13:01:04 EDT 2011
EML; February 2005
Sat Sep 24 13:08:21 EDT 2011
EML; March 2005
Sat Sep 24 13:20:37 EDT 2011
EML; April 2005
Sat Sep 24 13:22:42 EDT 2011
EML; May 2005
Sat Sep 24 13:29:58 EDT 2011
EML; June 2005
Sat Sep 24 13:38:47 EDT 2011
EML; July 2005
Sat Sep 24 13:44:22 EDT 2011
EML; August 2005
Sat Sep 24 13:47:47 EDT 2011
EML; September 2005
Sat Sep 24 14:08:26 EDT 2011
EML; October 2005
Sat Sep 24 15:44:26 EDT 2011
Mnemosyne
Sat Sep 24 15:47:44 EDT 2011
finished reading _Debt_
Sat Sep 24 20:55:47 EDT 2011
EML; November 2005
Sat Sep 24 21:02:09 EDT 2011
EML; December 2005
Sat Sep 24 21:04:52 EDT 2011
EML; January 2006
Sat Sep 24 21:05:39 EDT 2011
EML; February 2006
Sat Sep 24 21:07:45 EDT 2011
EML; March 2006
Sat Sep 24 21:16:09 EDT 2011
EML; April 2006
Sat Sep 24 21:21:41 EDT 2011
EML; May 2006
Sat Sep 24 21:32:46 EDT 2011
EML; June 2006
Sat Sep 24 21:56:03 EDT 2011
EML; August 2006
Sat Sep 24 22:56:50 EDT 2011
watched _Steins;gate_ ep 8
Sun Sep 25 13:41:29 EDT 2011
EML; August 2006
Sun Sep 25 16:59:40 EDT 2011
EML; September 2006
Sun Sep 25 17:07:07 EDT 2011
EML; November 2006
Sun Sep 25 17:47:08 EDT 2011
EML; November 2006
Sun Sep 25 18:01:14 EDT 2011
EML; December 2006
Sun Sep 25 18:05:25 EDT 2011
EML; January 2007
Sun Sep 25 18:13:18 EDT 2011
EML; February 2007
Sun Sep 25 18:23:02 EDT 2011
EML; March 2007 (ran into my first email)
Sun Sep 25 20:29:38 EDT 2011
watched _Steins;gate_ 09
Sun Sep 25 21:11:17 EDT 2011
watched _Steins;gate_ 10
Sun Sep 25 21:41:17 EDT 2011
watched _Steins;gate_ 11
Sun Sep 25 22:02:50 EDT 2011
watched _Steins;gate_ 12
Sun Sep 25 22:03:14 EDT 2011
Sun Sep 25 22:59:12 EDT 2011
watched _Steins;gate_ 13
Sun Sep 25 23:13:47 EDT 2011
watched _Steins;gate_ 14
Sun Sep 25 23:26:23 EDT 2011
watched _Steins;gate_ 15
Sun Sep 25 23:41:15 EDT 2011
watched _Steins;gate_ 16
Mon Sep 26 14:24:24 EDT 2011
EML; April 2007
Mon Sep 26 15:03:32 EDT 2011
EML; May 2007
Mon Sep 26 15:07:49 EDT 2011
EML; June 2007
Mon Sep 26 15:20:17 EDT 2011
EML; July 2007
Tue Sep 27 15:55:07 EDT 2011
EML; August 2007
Tue Sep 27 16:22:11 EDT 2011
EML; September 2007
Tue Sep 27 16:27:34 EDT 2011
EML; October 2007
Tue Sep 27 16:28:40 EDT 2011
EML; December 2007
Tue Sep 27 16:29:18 EDT 2011
EML; November 2007
Tue Sep 27 16:30:22 EDT 2011
EML; January 2008
Tue Sep 27 16:30:59 EDT 2011
EML; February 2008
Tue Sep 27 16:31:24 EDT 2011
EML; March 2008
Tue Sep 27 16:31:48 EDT 2011
EML; April 2008
Tue Sep 27 16:37:26 EDT 2011
EML; May 2008
Tue Sep 27 16:52:32 EDT 2011
EML; June 2008
Tue Sep 27 16:52:49 EDT 2011
EML; August 2008
Tue Sep 27 16:53:12 EDT 2011
EML; September 2008
Tue Sep 27 16:53:49 EDT 2011
EML; October 2008
Tue Sep 27 16:59:01 EDT 2011
EML; November 2008
Tue Sep 27 17:02:23 EDT 2011
EML; December 2008
Tue Sep 27 18:40:06 EDT 2011
Tue Sep 27 18:40:11 EDT 2011
watched _Steins;gate_ 18
Tue Sep 27 18:42:11 EDT 2011
EML; January 2009
Tue Sep 27 18:42:53 EDT 2011
EML; February 2009
Tue Sep 27 18:43:11 EDT 2011
EML; March 2009
Tue Sep 27 18:44:03 EDT 2011
EML; April 2009
Tue Sep 27 18:44:22 EDT 2011
EML; May 2009
Tue Sep 27 18:45:20 EDT 2011
EML; June 2009
Tue Sep 27 18:48:03 EDT 2011
EML; July 2009
Tue Sep 27 18:51:20 EDT 2011
EML; August 2009
Tue Sep 27 18:57:03 EDT 2011
EML; September 2009
Tue Sep 27 19:08:45 EDT 2011
EML; October 2009
Tue Sep 27 19:25:50 EDT 2011
watched _Steins;gate_ 17
Tue Sep 27 19:47:25 EDT 2011
EML; November 2009
Tue Sep 27 20:17:08 EDT 2011
watched _Steins;gate_ 19
Tue Sep 27 20:37:50 EDT 2011
watched _Steins;gate_ 20
Wed Sep 28 13:23:03 EDT 2011
watched _Steins;gate_ 21
Wed Sep 28 13:47:43 EDT 2011
watched _Steins;gate_ 22
Wed Sep 28 14:52:19 EDT 2011
watched _Steins;gate_ 23
Wed Sep 28 15:20:08 EDT 2011
watched _Steins;gate_ 24 ED
Fri Sep 30 12:45:48 EDT 2011
EML; 2011. ED. three years of reading, done.
Fri Sep 30 16:14:16 EDT 2011
Mnemosyne; still backlogged
Fri Sep 30 16:15:40 EDT 2011
Amphetype
Fri Sep 30 20:45:18 EDT 2011
watched _Bakemonogatari_ ep 06
Fri Sep 30 21:06:48 EDT 2011
watched _Bakemonogatari_ ep 07
Fri Sep 30 21:27:53 EDT 2011
watched _Bakemonogatari_ ep 08
Fri Sep 30 23:03:26 EDT 2011
watched _Bakemonogatari_ ep 09
Fri Sep 30 23:49:41 EDT 2011
watched _Bakemonogatari_ ep 10
Sat Oct  1 00:11:31 EDT 2011
watched Bakemonogatari ep 11
Sat Oct  1 01:04:08 EDT 2011
watched Bakemonogatari ep 12
Sat Oct  1 14:00:34 EDT 2011
Mnemosyne (still backlogged)
Sun Oct  2 15:49:06 EDT 2011
watched Bakemopnogatari 13
Sun Oct  2 22:39:40 EDT 2011
finished the 'd' PDFs of the Tanner Lectures
Sun Oct  2 23:34:15 EDT 2011
watched _Bakemonogatari_ 14
Mon Oct  3 00:05:59 EDT 2011
watched Bakemonogatari ED
Mon Oct  3 17:03:18 EDT 2011
watched Katanagatari ep 1
Mon Oct  3 18:05:17 EDT 2011
Mnemosyne (still backlogged)
Mon Oct  3 20:39:04 EDT 2011
Mnemosyne (finished backlog)
Tue Oct  4 12:44:42 EDT 2011
finished mental rotations
Tue Oct  4 13:40:49 EDT 2011
Mnemosyne
Tue Oct  4 18:23:56 EDT 2011
watched Katanagatari 02
Tue Oct  4 19:35:57 EDT 2011
finished the E PDFs of the Tanner Lectures
Wed Oct  5 12:59:25 EDT 2011
Mnemosyne
Wed Oct  5 18:45:07 EDT 2011
watched Katanagatari 03
Wed Oct  5 22:54:57 EDT 2011
Tanner lectures: finished 'f'
Thu Oct  6 12:42:48 EDT 2011
Amphetype
Thu Oct  6 12:51:52 EDT 2011
Mnemosyne
Thu Oct  6 15:11:55 EDT 2011
Thu Oct  6 15:12:02 EDT 2011
watched Katanagatari 04
Fri Oct  7 13:10:15 EDT 2011
clean up Yoko Kanno CSE hits
Fri Oct  7 17:22:40 EDT 2011
finished Eva predictions!
Fri Oct  7 17:23:25 EDT 2011
Mnemosyne
Sat Oct  8 13:15:23 EDT 2011
Mnemosyne
Sun Oct  9 16:50:43 EDT 2011
Mnemosyne
Sun Oct  9 20:06:55 EDT 2011
watched Katanagatari 05
Mon Oct 10 13:14:15 EDT 2011
Mnemosyne
Tue Oct 11 10:31:53 EDT 2011
Mnemosyne
Tue Oct 11 15:28:32 EDT 2011
Tue Oct 11 17:42:49 EDT 2011
watched Katanagatari 06
Tue Oct 11 19:10:07 EDT 2011
watched Katanagatari 07
Wed Oct 12 12:10:07 EDT 2011
Mnemosyne
Thu Oct 13 11:11:06 EDT 2011
Mnemosyne
Thu Oct 13 11:22:52 EDT 2011
Amphetype
Thu Oct 13 17:56:24 EDT 2011
watched Katanagatari 08
Fri Oct 14 12:24:46 EDT 2011
Mnemosyne
Fri Oct 14 20:25:10 EDT 2011
watched Katanagatari 09
Fri Oct 14 21:30:28 EDT 2011
watched Katanagatari 10
Sat Oct 15 10:55:48 EDT 2011
watched Katanagatari 11
Sat Oct 15 11:43:34 EDT 2011
watched Katanagatari 12 ED
Sat Oct 15 19:37:25 EDT 2011
Mnemosyne
Mon Oct 17 14:05:01 EDT 2011
Mnemosyne
Wed Oct 19 12:06:21 EDT 2011
Mnemosyne (finished backlog)
Wed Oct 19 17:24:52 EDT 2011
watched _The Disappearance of Haruhi Suzumiya_
Thu Oct 20 05:57:34 EDT 2011
watched _Amagami_ 01
Thu Oct 20 06:18:00 EDT 2011
watched _Amagami_ 02
Thu Oct 20 06:20:52 EDT 2011
Mnemosyne
Thu Oct 20 06:42:59 EDT 2011
watched _Amagami_ 03
Thu Oct 20 09:32:59 EDT 2011
watched _Amagami_ 04
Thu Oct 20 14:23:00 EDT 2011
watched _Amagami_ 05
Thu Oct 20 14:45:54 EDT 2011
watched _Amagami_ 06
Thu Oct 20 15:07:38 EDT 2011
watched _Amagami_ 07
Thu Oct 20 15:29:28 EDT 2011
watched _Amagami_ 08
Thu Oct 20 17:31:57 EDT 2011
watched _Redline_
Thu Oct 20 18:40:38 EDT 2011
cleaned up 'Bitter Virgin' CSE search
Fri Oct 21 15:57:20 EDT 2011
Mnemosyne
Tue Oct 25 17:56:37 EDT 2011
Mnemosune (finished backlog)
Tue Oct 25 22:00:51 EDT 2011
finished Herodotus's _Histories_
Wed Oct 26 02:31:35 EDT 2011
finished Wu's _Master Switch_
Wed Oct 26 03:09:09 EDT 2011
finished _The Tragedy of Prince Hamlet and the Philosopher's Stone_
Wed Oct 26 03:24:46 EDT 2011
watched _Amagami_ 09
Wed Oct 26 03:35:42 EDT 2011
watched _Amagami_ 10; sarcastic narrator ftw
Wed Oct 26 03:53:42 EDT 2011
watched _Amagami_ 11
Wed Oct 26 05:49:37 EDT 2011
finished 'g' Tanner Lectures
Wed Oct 26 15:29:15 EDT 2011
watched _Amagami_ 12
Wed Oct 26 15:44:34 EDT 2011
watched _Amagami_ 13
Wed Oct 26 16:02:13 EDT 2011
watched _Amagami_ 14
Wed Oct 26 16:21:52 EDT 2011
watched _Amagami_ 15
Wed Oct 26 16:38:39 EDT 2011
watched _Amagami_ 16
Wed Oct 26 16:56:29 EDT 2011
watched _Amagami_ 17
Wed Oct 26 17:11:54 EDT 2011
watched _Amagami_ 18
Wed Oct 26 17:26:24 EDT 2011
watched _Amagami_ 19
Wed Oct 26 17:43:36 EDT 2011
watched _Amagami_ 20
Wed Oct 26 18:16:39 EDT 2011
watched _Amagami_ 21
Wed Oct 26 19:34:39 EDT 2011
watched _Amagami_ 22
Wed Oct 26 19:53:35 EDT 2011
watched _Amagami_ 23
Wed Oct 26 20:21:37 EDT 2011
watched _Amagami_ 24 ED
Wed Oct 26 21:18:57 EDT 2011
watched _Voices of a Distant Star_
Wed Oct 26 21:21:18 EDT 2011
Mnemosyne
Fri Oct 28 15:43:49 EDT 2011
Mnemosyne
Fri Oct 28 16:48:55 EDT 2011
watched _Black Lagoon: Robert's Blood Trail_ ep 1
Fri Oct 28 20:43:57 EDT 2011
finished _Seeing like a State_
Fri Oct 28 21:33:16 EDT 2011
watched _Black Lagoon: Robert's Blood Trail_ ep 2
Fri Oct 28 22:13:17 EDT 2011
watched _Black Lagoon: Robert's Blood Trail_ ep 3
Fri Oct 28 22:44:50 EDT 2011
watched _Black Lagoon: Robert's Blood Trail_ ep 4
Fri Oct 28 23:16:00 EDT 2011
watched _Black Lagoon: Robert's Blood Trail_ ep 5
Sat Oct 29 14:56:15 EDT 2011
watched _Kuragehime_ ep 01
Sat Oct 29 15:20:19 EDT 2011
Mnemosyne
Sat Oct 29 15:36:20 EDT 2011
watched _Kuragehime_ ep 02
Sat Oct 29 17:07:23 EDT 2011
watched _Kuragehime_ ep 03
Sat Oct 29 17:47:21 EDT 2011
watched _Kuragehime_ ep 04
Sat Oct 29 19:33:09 EDT 2011
watched _Kuragehime_ ep 05
Sat Oct 29 19:53:29 EDT 2011
watched _Kuragehime_ ep 06
Sat Oct 29 20:24:15 EDT 2011
watched _Kuragehime_ ep 07
Sat Oct 29 20:41:23 EDT 2011
watched _Kuragehime_ ep 08
Sat Oct 29 21:28:23 EDT 2011
watched _Kuragehime_ ep 09
Sat Oct 29 21:28:26 EDT 2011
watched _Kuragehime_ ep 10
Sat Oct 29 21:39:49 EDT 2011
watched _Kuragehime_ ep 11 ED
Sun Oct 30 13:05:10 EDT 2011
Mnemosyne
Mon Oct 31 13:32:57 EDT 2011
Mnemosyne
Tue Nov  1 22:03:49 EDT 2011
read _Children of the Sky_
Tue Nov  1 23:03:40 EDT 2011
Mnemosyne
Wed Nov  2 16:47:08 EDT 2011
Mnemosyne
Thu Nov  3 13:13:22 EDT 2011
Mnemosyne
Thu Nov  3 14:39:27 EDT 2011
Amphetype
Fri Nov  4 21:46:19 EDT 2011
Mnemosyne
Sat Nov  5 13:02:42 EDT 2011
Mnemosyne
Sat Nov  5 15:49:45 EDT 2011
reread _Metamagical Themas_
Sat Nov  5 21:35:27 EDT 2011
cleaned up CSE for lolicon
Sun Nov  6 02:30:13 EST 2011
finished 'h' Tanner lectures
Sun Nov  6 05:57:02 EST 2011
watched _Scott Pilgrim vs The World_
Sun Nov  6 06:16:15 EST 2011
Mnemosyne
Tue Nov  8 21:19:27 EST 2011
Mnemosyne (finished backlog)
Wed Nov  9 12:41:36 EST 2011
cleaned up CSE for Kamen Rider SD
Wed Nov  9 13:18:28 EST 2011
Mnemosyne
Wed Nov  9 14:43:18 EST 2011
Amphetype
Thu Nov 10 20:39:34 EST 2011
Mnemosyne
Sat Nov 12 16:24:54 EST 2011
finished _The Truth Machine_
Sun Nov 13 13:51:01 EST 2011
finished _Promises I Can Keep_
Mon Nov 14 07:08:26 EST 2011
watched _2009 - Lost Memories_
Mon Nov 14 10:58:46 EST 2011
Mnemosyne
Tue Nov 15 14:14:37 EST 2011
cleaned up 'Kamen Rider SD' CSE
Tue Nov 15 14:18:22 EST 2011
cleaned up 'Megami Magazine' CSE
Tue Nov 15 21:32:20 EST 2011
Mnemosyne
Fri Nov 18 10:45:37 EST 2011
finished _Soul Catcher_
Sun Nov 20 21:18:41 EST 2011
Mnemosyne
Tue Nov 22 10:27:56 EST 2011
finished _Sanctuary_
Tue Nov 22 21:12:19 EST 2011
Amphetype
Wed Nov 23 00:08:01 EST 2011
Mnemosyne
Thu Nov 24 21:06:33 EST 2011
finished _Sandman: book of dreams_
Fri Nov 25 23:13:09 EST 2011
Amphetype
Fri Nov 25 23:44:20 EST 2011
Mnemosyne (backlogged)
Sat Nov 26 13:18:57 EST 2011
finished reading Saks's _The Center Cannot Hold_
Sat Nov 26 21:10:33 EST 2011
cleaned up CSE for hiroki azuma
Mon Nov 28 23:30:45 EST 2011
Mnemosyne (still backlogged)
Wed Nov 30 23:39:09 EST 2011
Mnemosyne
Thu Dec  1 16:36:55 EST 2011
Mnemosyne (still backlogged)
Fri Dec  2 12:42:42 EST 2011
cleaned up Gundam CSE
Fri Dec  2 12:46:08 EST 2011
cleaned up second Gundam CSE
Sat Dec  3 15:10:01 EST 2011
Mnemosyne
Sat Dec  3 23:28:13 EST 2011
Mnemosyne (finished backlog)
Sun Dec  4 03:43:37 EST 2011
cleaned up late-night anime CSE
Sun Dec  4 09:58:05 EST 2011
Mnemosyne
Sun Dec  4 13:38:38 EST 2011
first round of n-back
Sun Dec  4 13:55:09 EST 2011
second round of n-back
Sun Dec  4 14:11:37 EST 2011
third round of n-back
Sun Dec  4 20:07:06 EST 2011
fourth round of n-back
Sun Dec  4 20:36:22 EST 2011
fifth round of n-back
Sun Dec  4 21:28:36 EST 2011
sixth round of n-back
Tue Dec  6 19:37:08 EST 2011
watched _The World God Only Knows_ ep 1
Tue Dec  6 20:19:53 EST 2011
watched _The World God Only Knows_ ep 2
Tue Dec  6 20:42:20 EST 2011
watched _The World God Only Knows_ ep 3
Thu Dec  8 19:00:26 EST 2011
watched _The World God Only Knows_ ep 4
Thu Dec  8 19:20:40 EST 2011
watched _The World God Only Knows_ ep 5
Fri Dec  9 22:45:02 EST 2011
Mnemosyne (backlogged)
Sat Dec 10 13:30:26 EST 2011
Mnemosyne (finished backlog)
Sat Dec 10 22:26:32 EST 2011
watched _The World God Only Knows_ ep 6
Sat Dec 10 22:50:26 EST 2011
watched _The World God Only Knows_ ep 7
Sun Dec 11 20:55:22 EST 2011
Mnemosyne
Mon Dec 12 14:46:10 EST 2011
Mnemosyne
Mon Dec 12 14:59:40 EST 2011
Amphetype
Tue Dec 13 22:23:38 EST 2011
Mnemosyne
Wed Dec 14 11:54:01 EST 2011
Mnemosyne
Thu Dec 15 17:24:06 EST 2011
Mnemosyne
Fri Dec 16 21:30:10 EST 2011
Mnemosyne
Sat Dec 17 16:07:51 EST 2011
cleaned up sorcerous stabber orphen CSE
Sat Dec 17 18:53:15 EST 2011
Mnemosyne
Sat Dec 17 21:48:55 EST 2011
watched World God Only Knows ep 8
Sat Dec 17 22:03:14 EST 2011
watched World God Only Knows ep 9
Mon Dec 19 12:05:28 EST 2011
Mnemosyne
Tue Dec 20 14:52:45 EST 2011
Mnemosyne
Tue Dec 20 15:16:19 EST 2011
Amphetype
Wed Dec 21 11:10:17 EST 2011
cleaned up _Reimei no Arcana_ CSE
Wed Dec 21 14:13:19 EST 2011
Mnemosyne
Thu Dec 22 12:32:27 EST 2011
Mnemosyne
Thu Dec 22 13:17:43 EST 2011
Amphetype
Thu Dec 22 17:01:52 EST 2011
watched _The World God Only Knows_ ep 10
Thu Dec 22 17:15:42 EST 2011
watched _The World God Only Knows_ ep 11
Thu Dec 22 17:43:16 EST 2011
watched _The World God Only Knows_ ep 12 ED
Fri Dec 23 11:21:50 EST 2011
Fri Dec 23 11:46:31 EST 2011
Mnemosyne
Fri Dec 23 14:53:42 EST 2011
completely finished _Manga Impact_ project
Sat Dec 24 12:14:18 EST 2011
Mnemosyne
Mon Dec 26 13:51:41 EST 2011
finished reading  _The Extended Mind_ anthology
Mon Dec 26 13:57:58 EST 2011
Mnemosyne
Tue Dec 27 13:50:14 EST 2011
watched _A Tale of Two Sisters_
Tue Dec 27 15:12:53 EST 2011
Mnemosyne
Tue Dec 27 15:26:26 EST 2011
Amphetype
Tue Dec 27 21:21:45 EST 2011
read Tufte's _Beautiful Evidence_
Wed Dec 28 13:01:24 EST 2011
finished Lakatos's _Proofs and Refutations_
Wed Dec 28 18:10:23 EST 2011
Mnemosyne
Thu Dec 29 18:28:43 EST 2011
Mnemosyne
Thu Dec 29 18:48:13 EST 2011
Amphetype
Fri Dec 30 13:48:50 EST 2011
Mnemosyne
Sat Dec 31 12:16:00 EST 2011
Mnemosyne
Sat Dec 31 16:04:13 EST 2011
watched _Moshidora_ ep 01
Sat Dec 31 16:30:51 EST 2011
watched _Moshidora_ ep 02
Sat Dec 31 18:55:05 EST 2011
watched _Moshidora_ ep 03
Sat Dec 31 19:12:50 EST 2011
watched _Moshidora_ ep 04
Sat Dec 31 20:58:11 EST 2011
watched _Moshidora_ ep 05
Sat Dec 31 21:27:41 EST 2011
watched _Moshidora_ ep 06
Sat Dec 31 21:27:44 EST 2011
watched _Moshidora_ ep 07
Sat Dec 31 21:41:00 EST 2011
watched _Moshidora_ ep 08
Sat Dec 31 22:03:13 EST 2011
watched _Moshidora_ ep 09
Sat Dec 31 22:25:14 EST 2011
watched _Moshidora_ ep 10 ED
Sun Jan  1 00:52:11 EST 2012
watched _Oreimo_ ep 1
Fri Jan 20 17:33:55 EST 2012
watched _Mawaru Penguindrum_ ep 02
Fri Jan 20 20:38:27 EST 2012
Mnemosyne
Fri Jan 20 23:29:11 EST 2012
watched _Mawaru Penguindrum_ ep 03
Sat Jan 21 13:37:09 EST 2012
Mnemosyne
Sat Jan 21 19:24:00 EST 2012
watched _Mawaru Penguindrum_ ep 04
Sat Jan 21 19:41:44 EST 2012
watched _Mawaru Penguindrum_ ep 05
Sat Jan 21 20:14:42 EST 2012
watched _Mawaru Penguindrum_ ep 06
Sun Jan 22 19:37:19 EST 2012
watched _Mawaru Penguindrum_ ep 07
Sun Jan 22 20:12:08 EST 2012
watched _Mawaru Penguindrum_ ep 08
Sun Jan 22 20:40:31 EST 2012
watched _Mawaru Penguindrum_ ep 09
Sun Jan 22 20:49:10 EST 2012
Mnemosyne
Sun Jan 22 21:08:28 EST 2012
watched _Mawaru Penguindrum_ ep 10
Mon Jan 23 18:50:35 EST 2012
Mnemosyne
Tue Jan 24 15:47:04 EST 2012
Mnemosyne
Tue Jan 24 19:46:49 EST 2012
watched _Mawaru Penguindrum_ ep 11
Tue Jan 24 20:40:44 EST 2012
watched _Mawaru Penguindrum_ ep 12
Wed Jan 25 12:56:43 EST 2012
Mnemosyne
Wed Jan 25 20:40:28 EST 2012
watched _Mawaru Penguindrum_ ep 13
Thu Jan 26 12:37:52 EST 2012
Mnemosyne
Thu Jan 26 22:59:11 EST 2012
watched _Mawaru Penguindrum_ ep 14
Thu Jan 26 23:56:16 EST 2012
watched _Mawaru Penguindrum_ ep 15
Fri Jan 27 21:38:13 EST 2012
watched _Mawaru Penguindrum_ ep 16
Fri Jan 27 22:24:25 EST 2012
watched _Mawaru Penguindrum_ ep 17
Fri Jan 27 22:39:16 EST 2012
watched _Mawaru Penguindrum_ ep 18
Fri Jan 27 22:56:18 EST 2012
watched _Mawaru Penguindrum_ ep 19
Fri Jan 27 23:11:27 EST 2012
watched _Mawaru Penguindrum_ ep 20
Fri Jan 27 23:27:08 EST 2012
watched _Mawaru Penguindrum_ ep 21
Fri Jan 27 23:48:50 EST 2012
watched _Mawaru Penguindrum_ ep 22
Sun Jan 29 10:39:49 EST 2012
watched _Mawaru Penguindrum_ ep 23
Sun Jan 29 11:29:55 EST 2012
watched _Mawaru Penguindrum_ ep 24 ED
Tue Jan 31 23:49:32 EST 2012
finished _On China_
Wed Feb  1 16:43:09 EST 2012
watched _The Good Wife_ Bitcoin episode
Wed Feb  1 16:53:55 EST 2012
Mnemosyne (still backlogged)
Thu Feb  2 13:23:37 EST 2012
Mnemosyne
Sat Feb  4 12:41:51 EST 2012
Mnemosyne
Sun Feb  5 18:10:15 EST 2012
Mnemosyne
Mon Feb  6 16:55:54 EST 2012
Mnemosyne
Tue Feb  7 12:42:38 EST 2012
Mnemosyne
Thu Feb  9 11:35:44 EST 2012
cleaned up 'naruto arena' CSE
Thu Feb  9 11:43:38 EST 2012
cleaned up 'lolicon' CSE hits
Thu Feb  9 12:24:05 EST 2012
more work on CSE hits for 'hentai' (results are never clean but I try)
Thu Feb  9 12:32:34 EST 2012
cleaned up CSE for 'yaoi'
Thu Feb  9 12:37:57 EST 2012
cleaned up CSE hits for 'Speed Grapher'
Thu Feb  9 12:55:45 EST 2012
cleaned up CSE for 'black heaven' and 'black heaven anime'
Thu Feb  9 12:58:03 EST 2012
cleaned up CSE for 'Lilpri'
Thu Feb  9 13:03:00 EST 2012
cleaned up CSE hits for '"mio saeki" OR "saeki mio"'
Thu Feb  9 13:08:18 EST 2012
cleaned up CSE for '"mai no maho to katei no hi" OR "mai no mahou to katei no hi"'
Thu Feb  9 13:19:09 EST 2012
cleaned up CSE for 'moshidora'
Thu Feb  9 13:34:10 EST 2012
cleaned up CSE for 'cardfight!! vanguard'
Thu Feb  9 13:35:30 EST 2012
cleaned up CSE for '"Shin'ichi Morioka" OR "Morioka Shin'ichi"'
Thu Feb  9 13:37:34 EST 2012
cleaned up CSE for 'Akari Saho'
Thu Feb  9 13:46:09 EST 2012
cleaned up CSE for 'tsunade'
Thu Feb  9 13:51:28 EST 2012
cleaned up CSE for 'tsundere'
Thu Feb  9 13:58:43 EST 2012
cleaned up CSE for 'shigurui'
Thu Feb  9 14:06:08 EST 2012
cleaned up CSE for 'winry rockbell'
Thu Feb  9 14:09:46 EST 2012
cleaned up CSE for 'twin spica'
Thu Feb  9 14:19:58 EST 2012
cleaned up CSE for '"swallowtail inn"'
Thu Feb  9 14:22:43 EST 2012
cleaned up CSE for 'ikigami'
Thu Feb  9 14:25:17 EST 2012
cleaned up CSE for 'dorohedoro'
Thu Feb  9 14:28:01 EST 2012
cleaned up CSE for '"Buster Keel"'
Thu Feb  9 14:31:28 EST 2012
cleaned up CSE for 'yandere'
Thu Feb  9 14:34:50 EST 2012
cleaned up CSE for '"ride on shooting star"'
Thu Feb  9 14:37:47 EST 2012
cleaned up CSE for 'skuld'
Thu Feb  9 14:42:51 EST 2012
cleaned up CSE for 'iou kuroda'
Thu Feb  9 14:45:12 EST 2012
cleaned up CSE for 'perrine monogatari'
Thu Feb  9 14:47:40 EST 2012
cleaned up CSE for 'yoko kanno'
Thu Feb  9 14:50:31 EST 2012
cleaned up CSE for '"Bitter Virgin"'
Thu Feb  9 14:51:38 EST 2012
cleaned up CSE for 'kamen rider sd'
Thu Feb  9 14:54:09 EST 2012
cleaned up CSE for '"Megami Magazine"'
Thu Feb  9 15:15:16 EST 2012
cleaned up CSE for 'hiroki azuma'
Thu Feb  9 15:17:04 EST 2012
cleaned up CSE for 'late-night anime'
Thu Feb  9 15:24:18 EST 2012
cleaned up CSE for 'sorcerous stabber orphen'
Thu Feb  9 15:30:14 EST 2012
cleaned up CSE for 'reimei no arcana'
Thu Feb  9 20:06:43 EST 2012
Thu Feb  9 22:25:50 EST 2012
Mnemosyne
Fri Feb 10 12:00:26 EST 2012
Mnemosyne
Sat Feb 11 13:43:01 EST 2012
Mnemosyne
Sat Feb 11 21:15:48 EST 2012
watched _The Cove_
Sun Feb 12 13:33:33 EST 2012
Mnemosyne
